bbsName, bbsSysop, newLogin, TelnetAddress, bbsPort, sshPort, WebAddress, location, Modem, software
0Day BBS,,NEW,65.108.245.243,23,,,"Helsinki, , Finland",,"Enigma 1/2"
0xDECAFBAD BBS,,NEW,bbs.decafbad.com,6523,,,"Seattle, WA, USA",,"Synchronet"
13th Floor BBS,Hoy Brothers,new,13th.hoyvision.com,6400,,,"Oak Ridge, TN, USA",,"Image BBS"
13th Leader BBS,pjones1063,,13leader.net,8023,,http://13leader.net,"Vineland, Ontario, Canada",,"Mystic"
20 For Beers BBS,paul lee,Desired Handle,20forbeers.com,1337,1338,http://20forbeers.com:1339,"Portland, OR, USA",,"Mystic"
300 F-ing Baud BBS,Gary Crunk,,300baud.dynu.net,2525,,,"Eloy, AZ, USA",,"RYBBS"
32-Bit BBS,Xbit Ops,Real Name,x-bit.org,23230,,http://x-bit.org/info/ftelnet/32bit_bbs.html,"Forest Grove, OR, USA",,"Spitfire"
4 Wheel Ham BBS,w7jpj,NEW,bbs.4wheelham.com,,2222,http://4wheelham.com,"Littleton, CO, USA",,"Synchronet"
4D Telephonics,,Apply,45.77.78.120,8888,,,"Piscataway, NJ, USA",,"Enigma 1/2"
4D2 Dot Org,,NEW,bbs.4d2.org,,,,"Portland, OR, USA",,"Synchronet"
64 Vintage BBS,,,64vintageremixbbs.dyndns.org,6400,,http://www.digitaldial.us,"Miami, FL, USA",,"Color 64"
68k Mac Club,Vaelen,new,bbs.m68k.club,,,http://m68k.club,"Machida, Tokyo, Japan",,"SubText"
8-Bit Archive,,NEW,bbs.8-bitarchive.com,2223,,,"Vancouver, BC, Canada",,"Synchronet"
8-Bit Boyz BBS,Shane O'Neill,Desired Handle,bbs.8bitboyz.com,6502,,http://8bitboyz.com,"Rio Rancho, NM, USA",,"Mystic"
8-Bit Playground,Hoy Brothers,,8bit.hoyvision.com,6400,,http://www.hoyvision.com,"Antioch, TN, USA",,"CNet DS2"
8Bit Club BBS,,NEW,bbs.8bitclub.com,6502,,,"Burgas, , Bulgaria",,"Synchronet"
A-Net Online (Game Server),StingRay,NEW,game.a-net-online.lol,513,,http://a-net-online.lol/gameserver,", GA, USA",,"Synchronet"
A-Net Online (Mystic),StingRay,Desired Handle,mystic-anet.online,,22,http://a-net.fyi,"Woodstock , GA, USA",,"Mystic"
A-Net Online (Spitfire),StingRay,Real Name,sf.a-net.online,2323,,http://a-net.fyi,"Woodstock, GA, United States",,"Spitfire"
A-Net Online (Synchronet),StingRay,NEW,a-net.online,23,22,http://a-net.fyi,"Woodstock, GA, USA",404-282-0600,"Synchronet"
A-Net Online (TWGS),StingRay,,game.a-net-online.lol,2002,,http://a-net.fyi,"Woodstock, GA, USA",,"TWGS"
A-Net Online Beta BBS,StingRay,NEW,x.a-net.online,2323,22222,http://a-net-online.lol/x,"Woodstock, GA, USA",,"Synchronet"
A1 BBS,Mongo,NEW,a1bbs.ddns.net,,,,"SAN JOSE, CA, USA",,"Synchronet"
Abandoned StarDock TWGS,,Desired Handle,abandonedstardock.ddns.net,2002,,,"Sherman, TX, USA",,"TWGS"
Absinthe BBS,aNACHRONiST,NEW,absinthebbs.net,1940,,http://absinthebbs.net,"Raleigh, NC, USA",,"C-Net"
Abyss BBS,,NEW,bbs.abyssnode.net,23,,,"Buffalo, NY, USA",,"YAWC"
Ace of Spades BBS,,NEW,chaotix.ddns.net,2323,,,"New Philadelphia, OH, USA",,"Maximus"
Acid Underworld,Hawk Hubbard,Desired Handle,blackflag.acid.org,31337,,,"Hudson, FL, USA",,"Mystic"
Adept Online Entertainment,Ragtop,,adeptbbs.com,23,,http://www.adeptbbs.com,"Louisville, KY, USA",,"Worldgroup"
Aerodrome,Paul Lee,,theaerodromebbs.com,6502,,,"Ontario, CA, USA",,"Apple II"
Agency BBS,Avon,new,agency.bbs.nz,23,2024,http://bbs.nz,"Dunedin, , New Zealand",,"Mystic"
Agon BBS,,NEW,krion.io,1337,,,"Rouen, , France",,"Lightweight BBS"
Aincrad BBS,,NEW,67.205.168.255,2323,,,"North Bergen, NJ, USA",,"WWIV"
Al's Geek Lab BBS,Alistair Ross,new,bbs.alsgeeklab.com,2323,2222,http://www.alsgeeklab.com,"Wellington, , New Zealand",,"Mystic"
Alamo BBS,Dale N,new,alamobbs.mywire.org,6400,,,"San Antonio, TX, USA",,"Image BBS"
AlcaBBS,,NEW,bbs.alcatrash.org,,,,"Rijssen, , The Netherlands",,"Synchronet"
Alcatraz Prison BBS,Craig Abruzzese,NEW,alcatrazbbs.ddns.net,9000,,,"Allentown, PA, USA",,"BBS Express Pro"
Alcoholiday BBS (Mystic),zeroreader,Desired Handle,alcoholidaybbs.com,,22,http://alcoholidaybbs.com,"Columbia, SC, USA",,"Mystic"
Alcoholiday BBS (Renegade),zeroreader,,alcoholidaybbs.com,95,,http://alcoholidaybbs.com,"Columbia, SC, USA",,"Renegade"
Ale's BBS,,Apply,91.134.240.216,,,,"Dunkerque, , France",,"Enigma 1/2"
Aleco Experience BBS,,NEW,bbs.alecoexp.cz,23,,http://bbs.alecoexp.cz,"Prague, , Czech Republic",,"EleBBS"
Aleph BBS,,NEW,alephbbs.com,2626,,,"Amsterdam, , The Netherlands",,"WWIV"
Alien Mindbenders BBS,,Desired Handle,the.alienmindbenders.net,,,,"Athlone, , Ireland",,"Mystic"
Alien Zone BBS,,NEW,66.188.64.39,,,,"LaGrange, GA, USA",,"Synchronet"
Aliens' Alcove!,eric pareja,,newt.aliens.ph,,,http://aliens.ph,"Taguig City, , Philippines",,"WWIV"
Alltsk,,,fido.alltsk.ru,,,,"Tomsk, , Russia",,"Custom"
Alpha Centauri BBS,Jahmas,NEW,acentauribbs.no-ip.org,2002,,,"West Barnstable, MA, USA",,"WWIV"
AlphaNet,,NEW,2.236.17.38,2888,,,"Rome, , Italy",,"Synchronet"
Altair Mini BBS,Giuseppe Convertino,Desired Handle,altairminibbs.net,,,,"Ponte San Pietro, , Italy",,"Mystic"
Altar of Wares,,new,altarofwaresbbs.hopto.org,6464,,,"Philadelphia, PA, USA",,"C-Base"
Alterant BBS,,NEW,alterant.bbs.dege.au,123,,,"Melbourne, VIC, Australia",,"Synchronet"
American Connection BBS,Craig Gagner,,tacbbs.synchro.net,,,,"Oxford, MA, USA",,"Synchronet"
Amiga CBM BBS,,new,amiganer.amms-bbs.de,,,,"Stadthagen, , Germany",,"Amiga CBM"
Amiga City,,NEW,amigacity.xyz,,,,"Cedar Knolls, NJ, USA",,"Synchronet"
Amiga Retro Brisbane BBS,Intangybles,Desired Handle,www.amigaretro.com,,,,"Brisbane, QLD, Australia",,"Mystic"
Amiga Retro V4SA BBS,Intangybles,new,amibbs.amigaretro.com,6880,,,"Canberra, ACT, Australia",,"AmiExpress"
Amiga Underground,karynroberts,Desired Handle,amigaunderground.com,2300,,http://amigaunderground.com,"Edgewood, NM, USA",,"AmiExpress"
Amiga4Ever,,new,70.64.80.45,1024,,,"Saskatoon, SK, Canada",,"AmiExpress"
Amis XE,SouthernAmis,amis86,amis86.ddns.net,9000,,http://southernamis.com,"Southern , CA, USA",760-330-2600 (AMISXE/AMISXE),"Atari"
Amnesia BBS,,NEW,amnesiabbs.duckdns.org,,,,"Minneapolis, MN, USA",,"Synchronet"
AMSTRAD BBS,,NEW,amstrad.simulant.uk,464,,,"York, , England",,"Synchronet"
Analog Waffle,no2pencil,NEW,waffle.c4bmore.com,2001,,,"Fort Lauderdale, FL, USA",,"Waffle BBS"
Anduin BBS,,NEW,bbs.anduin.net,,,,"Oslo, , Norway",,"Synchronet"
Animation Game Station (Animeyo),,guest,54.238.90.108,,,,"Tokyo, , Japan",,"Custom"
Another Droid BBS,,Desired Handle,andr01d.zapto.org,9999,,,"Athens, , Greece",,"Mystic"
Another F-ing BBS,Gary Crunk,Desired Handle,anotherbbs.dynu.net,1337,,,"Eloy, AZ, USA",,"Mystic"
ANSITex,,NEW,alterant.bbs.dege.au,,,,"Parkdale, VIC, Australia",,"Synchronet"
Anti Earth Union Government (Chinese),,new,aeug.asuscomm.com,8888,,,"Taipei, , Taiwan",,"MapleBBS"
Antidote,,NEW,antidote.triad.se,64128,,,"Bjuv, , Sweden",,"C-Base"
Antikitera,,NEW,technotron.asuscomm.com,,,,"Trekgorka, , Russia",,"Synchronet"
Anybox BBS,,NEW,anybox.freedyndns.de,,,,"Barmstedt, , Germany",,"Synchronet"
Aperture Science Employee Mainframe,,Desired Handle,rcfeed.concomcompany.com,31810,,,"Kanab, UT, USA",,"Mystic"
Apostols,,new,bbs.apostols.org,,,,"Berlin, , Germany",,"Custom"
Arcadia BBS,Michael Pedersen,Desired Handle,bbs.arcadiabbs.com,23,22,http://www.arcadiabbs.com,"Putnam, CT, USA",,"Mystic"
Arcadian Torga BBS,,Desired Handle,mbse.gzrbbs.net,2323,,,"Lerino, , Italy",,"EleBBS"
Archaic Binary,zharvek,Choose from Menu,bbs.archaicbinary.net,23,22,http://www.archaicbinary.net/bbs,"Orlando, FL, USA",,"Custom"
ArcticZone Online Entertainment,,NEW,bbs.arcticzonebbs.net,,,,"Clarksville, VA, USA",,"Worldgroup"
ARDA-BBS.com,Tim Woodland,Desired Handle,arda-bbs.com,23,22,,"Delaware, OH, USA",937-315-0002,"Mystic"
Area 51,,NEW,74.75.213.5,,,,"Lockport, NY, USA",,"Synchronet"
Area 52,Joe Phigan,new,area52.tk,5200,,,"Phoenix, AZ, USA",,"BBS Express!"
Arena BBS,,Desired Handle,netasylum.com,2323,,,"Defiance, OH, USA",,"Mystic"
ARTNET,,NEW,50.116.51.149,,,,"Cedar Knolls, NJ, USA",,"Synchronet"
ASANOCOMP,,NEW,asanocomp.ddns.net,2300,,,"Las Vegas, NV, USA",,"Synchronet"
Astronet BBS,,Desired Handle,75.191.53.47,,,,"Kannapolis, NC, USA",,"Mystic"
AT2K Design BBS,Steve Winn,NEW,bbs.at2k.org,23,,http://www.at2k.org,"Clarksville, TN, USA",,"Virtual Advanced"
Atari BBS Gateway,SouthernAmis,,ataribbs.ddns.net,6502,,http://southernamis.com,"Capo, CA, USA",,"Virtual Advanced"
Atari Portfolio BBS,,new,pofobbs.ddns.net,992,,,"Fayetteville, NC, USA",,"RYBBS"
Atavachron BBS,Scott Comstock,NEW,atavachronbbs.net,23,22,,"Newark, NJ, USA",,"Synchronet"
Athelstan BBS,,NEW,athelstan.org,23,,,"Houston, TX, USA",,"Synchronet"
Atlantis BBS,,NEW,atl.ddns.net,6401,,,"Atlanta, GA, USA",,"Image BBS"
Atmosphere BBS (NTU),,new,bbs.as.ntu.edu.tw,,,,"Taipei, , Taiwan",,"Custom"
Attic BBS (1),,NEW,theattic.v1cd3m1z3r.net,,,,"Victoria, BC, Canada",,"Synchronet"
Attic BBS (2),,NEW,bbs.millhill.org,2323,,,"Malmo, , Sweden",,"Synchronet"
Avalon Isle BBS,,NEW,atl.ddns.net,6400,,,"Atlanta, GA, USA",,"Image BBS"
Avast! BBS,,NEW,avastbbs.servegame.com,,,,"Adelaide, SA, Australia",,"Worldgroup"
Baba Yaga's Dancing Hut BBS,,NEW,68.98.101.79,,,,"Phoenix, AZ, USA",,"Worldgroup"
Back In Time,Michael Sacher,,backintime.ddns.net,6510,,http://www.virtualdimension.de ,"Hofheim, , Germany ",,"commodore"
Back to the Future (SSH),outatime,NEW,bttfbbs.com,22,22,http://bttfbbs.com,"State College, PA, USA",,"X/84"
Backwood Realm BBS,Tim Wray,NEW,bwrbbs.ddns.net,,,,"Bedford, IN, USA",,"Synchronet"
Bahamut BBS,,new,bbs.gamer.com.tw,,,,"Taipei, , Taiwan",,"MapleBBS"
Barbaria (SSH),Eric McDonald,bbs,barbaria.norbus.com,22,22,,"Santa Barbara, CA, USA",,"Citadel"
Basement BBS,John Polka,,basementbbs.ddns.net,9000,,http://basementbbs.ddns.net:7000/,"Portland, OR, USA",503-245-5416,"BBS Express Pro"
Bass Planet,,Desired Handle,thebassplanet.com,64128,,,"Ewing, NJ, USA",,"C-Base"
Baudville,,new,amis86.ddns.net,9000,,,"Dana Point, CA, USA",,"Fuji Amis"
Bayou BBS,,new,jayctheriot.com,6401,,,"Houma, LA, USA",,"Image BBS"
Bayou Blog BBS,,Desired Handle,bayoublog.ddns.net,,,,"Baton Rouge, LA, USA",,"Mystic"
BBS Development,,NEW,bbsdev.net,23,,,"Los Angeles, CA, USA",,"Synchronet"
BBS Gamer,Derrick M,NEW,bbsgamer.ddns.net,2600,2200,http://bbsgamer.ddns.net,"El Paso, TX, USA",,"Synchronet"
BBS GameTime (MajorBBS),,NEW,freespeak.hopto.org,1337,,,"Canonsburg, PA, USA",,"MajorBBS"
BBS GameTime (Menu),Gary Ailes,Desired Handle,freespeak.hopto.org,,,http://web.bbsgametime.com,"McMurray, PA, USA",,"Mystic"
BBS GameTime (PCBoard),,new,freespeak.hopto.org,233,,,"Canonsburg, PA, USA",,"PCBoard"
BBS GameTime (Synchronet),,NEW,freespeak.hopto.org,23233,,,"Canonsburg, PA, USA",,"Synchronet"
BBS OldChat,Andrew Apanasenko,NEW,bbs.oldchat.ru,,,,"Mytishchi, , Russian Federation",,"Custom"
BBS Orreli,,NEW,bbs.orreli.net,45023,,,"Haugesund, , Norway",,"Synchronet"
BBS Orreli TWGS,,Desired Handle,bbs.orreli.net,2002,,,"Odda, , Norway",,"TWGS"
BBS Retrocampus,,Enter,bbs.retrocampus.com,23,,,"London, , England",,"Petscii BBS"
BBS Telesc.net.br,Mauro Correa,Novo,bbs.telesc.net.br,,22,http://bbs.telesc.net.br,"Urussanga, Santa Catarina, Brazil",+554831984696,"Synchronet"
BBS.JasonWalker.ca,,Desired Handle,bbs.jasonwalker.ca,2323,,,"Kitchener,, ON, Canada",,"Mystic"
BBS.Telearena.us,,NEW,bbs.telearena.us,,,,"East Wenatchee, WA, USA",,"Worldgroup"
BCG-Box,,Real Name,bbbs.net,23,,http://bbbs.net,"Turku, , Finland",,"BBBS"
BCR Games Server,d_rebel,,bcrgames.com,31337,,http://www.bcrgames.com,"Hollywood, CA, USA",,"Wildcat"
Bear's Den,Mat Sanders,NEW,bbs.bearfather.net,23,,http://www.bearfather.net,"Portland, OR, USA",,"Worldgroup"
Beiyou Forum,,NEW,bbs.byr.cn,,,,"Bejing, , China",,"Custom"
Beryl BBS,,Guest,beryl.h-o-soft.com,2323,,,"Kyoto, , Japan",,"Custom"
Big Rabbit BBS,,new,bunnybbs.tw,,,,"Tokyo, , Japan",,"Custom"
Big Time BBS,Keyop Troy,Desired Handle,bigtimebbs.net,2323,2222,,"Huddersfield, West Yorkshire, England",+44-1484-320007,"Mystic"
Big5 BBS,,new,39.106.161.147,,,,"Beijing, , China",,"MapleBBS"
BirdEnuf BBS,Joseph Quinn,new,bbs.birdenuf.com,2003,,http://bbs.birdenuf.com,"Berkshires, MA, USA",,"MajorBBS, Worldgroup"
BitPlane BBS,,NEW,wa7npx.org,2323,,,"Phoenix, AZ, USA",,"Synchronet"
Bits & Bytes BBS,AJLeary,Real Name,bbs.bnbbbs.net,2023,,,"Groton, CT, USA",,"ProBoard"
Bitwoods RBBS-PC,Aaro Koskinen,,bitwoods.duckdns.org,,22,http://aakoskin.kapsi.fi/bbs.php,"Helsinki, , Finland",,"RBBS"
Black Flag BBS,Hawk Hubbard,Desired Handle,blackflag.acid.org,23,,,"Hudson, FL, USA",,"Mystic"
Black Tower BBS,Hawk Hubbard,Desired Handle,blackflag.acid.org,26,,,"Hudson, FL, USA",,"Mystic"
BlackICE,blackice,Desired handle,blackice.bbsindex.de,23,,http://bbsindex.de,"Duesseldorf, , Germany",,"Mystic"
Blacklight Underground,,NEW,acentauribbs.no-ip.org,2424,,,"West Barnstable, MA, USA",,"Synchronet"
Blackstar BBS,,Real Name,blackstar-bbs.servegame.com,,,,"Anderson, IN, USA",,"Wildcat"
Blood Stone,Jimmy Mac,NEW,wwiv.bsbbs.com,2323,22,http://www.bsbbs.com,"Rohnert Park, CA, USA",,"WWIV"
BLOODBBS,James Knowlton,Desired Handle,blood.bbsn.us,2323,,http://blood.bbsn.us,"Livingston, TX, USA",,"Mystic"
Blurred Vision,Erik McDonald,NEW,bbs.novass.net,2323,,http://bv.novass.net,"Allentown, PA, USA",,"Virtual BBS"
Boar's Head Tavern,macx,NEW,byob.hopto.org,64128,,http://csdb.dk/bbs/?id=2186,"Taasinge, passed Tannhäuser Gate, Denmark",,"C-Base"
BodaX BBS,beardy,new,bbs.beardy.se,,22,http://beardy.se/bodax-bbs,"Tierp, , Sweden",,"Enigma 1/2"
Boebertfeet,,Desired Handle,66.228.38.176,52270,,,"Cedar Knolls, NJ, USA",,"Mystic"
BoobTube,Rusty Bennett,NEW,bbs.wz5bbs.com,23,,,"Austin, TX, USA",,"Synchronet"
Books Chess Server,internetking425,,books.internetking.us,5000,,,"Kent, WA, USA",,"Custom"
Boot Factory 2K+,Cabell Clarke,new,bfbbs.no-ip.com,8888,,,"Mechanicsville, VA, USA",,"Atari"
Borderline BBS,Andrew Wiskow,Press Return/Enter,borderlinebbs.dyndns.org,6400,,http://borderlinebbs.dyndns.org,"Hemet, CA, USA",951-652-1690,"All American"
Bottomless Abyss BBS,stackfault,,bbs.bottomlessabyss.net,2023,2222,http://bbs.bottomlessabyss.net,"Quebec City, QC, Canada",,"Mystic"
Brain Storm BBS (SSH),Ioram7,Real Name,bsbbs.com.br,22,22,http://www.bsbbs.com.br,"Recife, , Brazil",,"EleBBS"
Brazi.net,,NEW,brazi.net,,,,"Jackson, TN, USA",,"Synchronet"
Brett Bender BBS,,Desired Handle,207.90.251.241,2323,,,"Williston, VT, USA",,"Mystic"
Brewery BBS,Baldrick,NEW,thebrewery.servebeer.com,6400,,,"Shelburne, NS, Canada",,"GBBS Pro"
Brian's Blog TWGS,,Enter,tw2002.briancmoses.com,,,,"San Antonio, TX, USA",,"TWGS"
Brigandine,Jonathan Pullen,,brigandine.org,9390,,http://brigandine.org,"Salt Lake City, UT, USA",,"Custom"
Broken Bubble,,NEW,bbs.thebrokenbubble.com,,,,"Beacon Falls, CT, USA",,"Synchronet"
Brotherhood Of Groovyness,,NEW,bbs.b-o-g.org,,,,"Sioux City, IA, USA",,"Synchronet"
BUEMA BBS,Marc Buehler,Real Name,bbs.buema.ch,2300,,http://buema.ch/bbs,"Chur, GR, Switzerland",,"Wildcat"
Bunker 3,,Desired Handle,woofer.v6.rocks,8888,,,"Greenville, OH, USA",,"Mystic"
Butterfly BBS,,new,211.68.71.66,,,,"Beijing, , China",,"Custom"
Byte Me BBS,,NEW,chat.hohimer.org,2323,,,"Russellville, KY, USA",,"Renegade"
ByteBarn BBS,Markus Maussner,Desired Handle,bbs.bytebarn.de,2300,,,"Sernow, , Germany",,"Mystic"
C3BBS,Harald Welte,NEW,c3bbs.retronetworking.org,23,,http://c3bbs.retronetworking.org,"Berlin, , Germany",,"Synchronet"
C64 Pub,,NEW,bbs.c64.pub,,,,"Guntersville, AL, USA",929-643-1173,"Synchronet"
C64 Ultimate Club,,new,c64u.club,6400,,,"Murrieta, CA, USA",,"commodore"
Cabana Bar BBS,Matt Webster,Desired Handle,bbs.cabanabar.net,11123,11122,http://www.cabanabar.net,"Glastonbury, CT, USA",,"Mystic"
Cabin BBS,Adam Lippman,,thecabinbbs.com,6400,,,"Norwalk, CT, USA",,"Color 64"
Canerduh BBS,,Desired Handle,bbs.canerduh.com,23905,,,"Medicine Hat, AB, Canada",,"Mystic"
Capital Station BBS,Gregory Deyss,NEW,csbbs.dyndns.org,23,,,"Schodack, NY, USA",,"Mystic"
Capitol City Online BBS,Mike Powell,NEW,capitolcityonline.net,23,,http://capcity2.synchro.net,"Frankfort, KY, USA",,"Synchronet"
Capitol Shrill BBS,nolageek,NEW,capitolshrill.com,23,22,http://www.capitolshrill.com,"Arlington, VA, USA",,"Synchronet"
Captain's Quarters BBS II,Byte Knight,,cqbbs.ddns.net,6800,,http://cqbbs.ddns.net,"Waconia, MN, USA",,"Mystic"
Casbah,rosenrost,GAST or GUEST,casbah.goip.de,5354,,http://www.oliver-graf.eu/casbah,"Castrop-Rauxel, , Germany",,"ProBOX"
Castle BBS,,NEW,47.46.52.130,,,,"Holland, MI, USA",,"Worldgroup"
Castle Rock BBS,,NEW,cedarvalleybbs.com,2424,,,"Marion, IA, USA",,"Worldgroup"
Catpit BBS,,guest,bbs.cis92.net,,,,"Heiwajima, , Japan",,"MapleBBS"
Cave BBS,,NEW,cavebbs.homeip.net,23,,http://www.cavebbs.com,"Raleigh, NC, USA",,"Synchronet"
CB2 Micro BBS,KOS,,email.qrp.gr,2323,,http://cb2.qrp.gr,"Patra, , Greece",,"MicroBBS"
Cbaxyz TWGS,,Desired Handle,tdod.org,2002,,,"Denver, CO, USA",,"TWGS"
CBBS/TN,Patrick Linstruth,,cbbs.mitsaltair.com,8800,,,"Chattanooga, TN, USA",,"CBBS"
CCUW BBS,,Desired Handle,rtc.to,23,,,"Rotkreuz, , Switzerland",,"Mystic"
CCX BBS,,NEW,bbs.ccxbbs.net,,,,"Galt, CA, USA",,"MajorBBS"
CedarValley BBS,,NEW,cedarvalleybbs.com,2525,,http://www.cedarvalleybbs.com,"Marion, IA, USA",,"Worldgroup"
CedarValley BBS 2,,NEW,cedarvalleybbs.com,2626,,,"Cedar Rapids, IA, USA",,"MajorBBS"
Cellfish BBS,,Desired Handle,cloud.kanskje.com,,,,"Oslo, , Norway",,"Mystic"
Cement City,,new,scenewall.bbs.io,4000,,,"Ashburn, VA, USA",,"AmiExpress"
Centronian BBS,,Desired Handle,bbs.centronian.ca,6400,,,"Montreal, QC, Canada",,"Magnetar BBS"
Chaotic Factor BBS,Joseph Gargano,Desired Handle,chfbbs.net,,,http://chfbbs.net,"South Hero, VT, USA",,"Mystic"
Chatter BBS,Yunjin Lee,,chatter.pw,2323,22,http://webterm.korokorok.com,"Buk-gu, , South Korea",,"Custom"
Chimia BBS,,account,chimia.se,2323,,,"Stockholm, , Sweden",,"ABBS"
Choice Core BBS (1st),,NEW,1stchoicecore.co.nz,23,,,"Ashburton, , New Zealand",,"Synchronet"
Choice Core BBS (2nd),,,2ndchoicecore.nz,1024,,,"Ashburton, , New Zealand",,"Mystic"
Choice Core BBS (4th),,Desired Handle,1stchoicecore.co.nz,1030,,,"Ashburton, , New Zealand",,"Mystic"
Choice Core BBS (6th),,NEW,1stchoicecore.co.nz,1028,,,"Ashburton, , New Zealand",,"Talisman BBS"
Chosenman BBS,Trosty,,chosenman.duckdns.org,23,,http://chosenman.duckdns.org,"Plano, TX, United States",,"Synchronet"
Christian Fellowship,Michael_Luko,Real Name,cfbbs.no-ip.com,26,,,"Mt. Ephriam, NJ, USA",,"PCBoard"
Chrysalis Online Services TBBS BBS,Garry Grosse,Real Name,chrysalisbbs.org,8888,,http://magicalmoth.com/chrysalis,"Dallas, TX, USA",,"TBBS"
CIA Amiga BBS,tlgrooms,,ciaamiga.org,6400,,http://www.ciaamiga.org,"Mayflower, AR, USA",,"Zeus"
CIRCL's BBS,,NEW,bbs.circl.lu,,,,"Luxembourg, , Luxembourg",,"Synchronet"
Citadel 64 BBS,chiefnerd,,citadel64.thejlab.com,6400,,,"Oakdale, California, USA",,"Color 64"
Citrick BBS,,NEW,citlmbbs.synchro.net,2300,,,"Tenerife, , Spain",,"Synchronet"
Cittadella BBS,,Ospite,bbs.cittadellabbs.it,4001,,http://bbs.cittadellabbs.it,"Milano, , Italy",,"Cittadella/UX"
City Of Angels BBS,,NEW,houseoftna.xyz,,,,"Boston, MA, USA",,"Synchronet"
City on the Edge of Forever,,Desired Handle,interzone.annexia.xyz,2002,,,"Ottawa, ON, Canada",,"TWGS"
CJ's Place,,NEW,cjsplace.thruhere.net,,,,"Orange City, FL, USA",,"Synchronet"
Clacker Works,prysm1,guest,cw.qc.to,9000,,,"Winnipeg, MB, Canada",,"Custom"
Classic BBS,Mike Chilson,Desired Handle,board.classicbbs.net,9339,,http://classicbbs.net,"Birmingham, AL, USA",,"Mystic"
Classic Computing BBS,,Desired Handle,bbs.classiccomputing.net,,,,"New Westminster, BC, Canada",,"Mystic"
Classic Macs BBS,,NEW,macos.retro-os.live,,,,"Fremont, CA, USA",,"Synchronet"
Claude's BBS,,new,claudes.lovelybits.org,2323,,,"Beauharnois, QC, Canada",,"Custom"
Clover Love (Chinese),,new,segaa.net,,,,"London, , England",,"MapleBBS"
Clube da Insonia BBS,,NEW,bbs.conf.eti.br,,,,"Rio de Janeiro, , Brazil",,"Synchronet"
Clutch BBS,Niter3,Alias,clutchbbs.com,23,,,"Windsor, ON, Canada",,"Mystic, Retro"
Coal Mine BBS,,Desired Handle,84.104.78.157,,,,"Zoetermeer, , The Netherlands",,"ArmBBS"
COCONet,,NEW,coconet.ddns.net,6809,,,"Fulton, NY, USA",,"Synchronet"
CodeRed BBS,,NEW,coderedmud.servegame.com,2323,,,"Vancouver, WA, USA",,"Worldgroup"
COE BBS,joe selick,Desired Handle,bbs.eow.lol,2377,,,"Jewett City, CT, USA",,"Mystic"
COE/EOW,,NEW,eow.lol,2377,,,"Cedar Knolls, NJ, USA",,"Synchronet"
Cold Fusion BBS,Alexander Grotewohl,Desired Handle,cfbbs.net,,,http://cfbbs.net,"Grand Rapids, MI, USA",,"Mystic"
Cold Winter Knights,Bill Glaholt,Create,bbs.coldwinterknights.net,8888,,http://www.coldwinterknights.net,"Sacramento, CA, USA",,"Custom"
Colorado Springs Central Net,,Real Name,cscnet.net,,,,"Maryville, TN, USA",,"Wildcat"
Colorado Springs Central Net TWGS,,Desired Handle,cscnet.net,2002,,,"Maryville, TN, USA",,"TWGS"
Colossus BBS,,NEW,bbs.qzwx.com,23,,http://www.qzwx.com,"Centreville, VA, USA",,"WWIV"
Commodore Image,X-Tec,NEW,cib.dyndns.org,6400,,,"Lakeland, FL, USA",,"Image BBS"
Commodore Image II,X-Tec,NEW,cib.dyndns.org,6401,,,"Lakeland, FL, USA",,"Image BBS"
Commodore Image III,X-Tec,NEW,cib.dyndns.org,6402,,,"Lakeland, FL, USA",,"Image BBS"
Comms Nuts BBS,,Desired Handle,203.38.121.134,2323,,,"Hobart, TAS, Australia",,"Mystic"
Company Citadel BBS,,Desired Handle,www.companycitadel.us,,,,"Orlando, FL, USA",,"Mystic"
COMPUTE!'s Gazette BBS,Edwin Nagle,,64life.net,1983,,http://computesgazette.com,"Austin, TX, USA",,"Searchlight"
Computer Express,,NEW,cebbs.costakis.org,23,,,"Anoka, MN, USA",,"Synchronet"
Computer God,,NEW,cpugod.synchro.net,,,,"Grantsville, UT, USA",,"Synchronet"
Concrete Roots,,new,concreteroots.servebbs.org,,,,"Oslo, , Norway",,"AmiExpress"
Constructive Chaos BBS,Craig Hendricks,NEW,conchaos.synchro.net,,22,http://conchaos.synchro.net,"Canton, OH, USA",,"Synchronet"
Constructive Chaos TWGS,,Desired Handle,conchaos.synchro.net,2002,,,"North Canton, OH, USA",,"TWGS"
Convolution,,NEW,convolution.us,,,,"Bethlehem, PA, USA",,"Synchronet"
Cool David,,NEW,bbs.cooldavid.org,,,,"Taipei, , Taiwan",,"Custom"
Cosmic Mycelium BBS,,Desired Handle,172.110.183.196,2323,,,"Los Chavez, NM, USA",,"Mystic"
Cottonwood BBS,Andrew Wiskow,,cottonwoodbbs.dyndns.org,6502,,http://cottonwoodbbs.dyndns.org,"Hemet, CA, USA",951-652-1690 ,"Color 64"
Crack In Time BBS,,NEW,crackintimebbs.ddns.net,2323,,,"Ridgewood, NJ, USA",,"Synchronet"
CrappieCracker Online BBS,Kim Horn,Real Name,www.crappiecracker.com,2323,,http://www.crappiecracker.com,"Crescent City, FL, USA",,"Wildcat"
Crazy Eric's BBS,,NEW,bbs.crazyerics.com,23,,,"Everett, WA, USA",,"Synchronet"
Crazy Paradise,,NEW,cpbbs.de,2323,,,"Berlin, , Germany",,"commodore"
Crazy World BBS (Game Server),Marc-Andre Leveille,NEW,crazyworldbbs.com,888,,,"Montreal, QC, Canada",,"Synchronet"
Crazy World BBS (Mystic),,Desired Handle,crazyworldbbs.com,2324,,,"Carleton-sur-Mer, QC, Canada",,"Mystic"
Crazy World BBS (Synchronet),Marc-Andre Leveille,NEW,crazyworldbbs.com,2323,2222,http://crazyworldbbs.com,"Carleton-sur-Mer, QC, Canada",,"Synchronet"
Crisis/Line BBS,,NEW,crisisbbs.net,,,,"Piscataway, NJ, USA",,"Synchronet"
CrNet BBS,,Desired Handle,bbs.crnet.net,2323,,,"Lake Ronkonkoma, NY, USA",,"Mystic"
Crusty Chicken TWGS,,Desired Handle,69.4.62.151,,,,"Ingram, TX, USA",,"TWGS"
Crystal Palace,beau,,cptalker.com,9900,,,"Chicago, IL, USA",,"Custom"
Crystal Set,,NEW,zl4kj.nz,,,,"Invercargill, , New Zealand",,"Synchronet"
Cyber Sword,,Desired Handle,bbs.excalibursheath.com,,,,"Santa Clara, CA, USA",,"Mystic"
Cyberia BBS,,Real Name,sysgod.org,23000,,,"Sydney, NSW, Australia",,"EleBBS"
Cyberspace BBS (Synchronet),,NEW,cyberspacebbs.net,,,,"Fridley, MN, USA",,"Synchronet"
Cyberspace BBS (Worldgroup),,NEW,cyberspacebbs.net,2323,,,"Fridley, MN, USA",,"Worldgroup"
Cyrellia BBS,,NEW,bbs.cyrellia.com,,,,"Orlando, FL, USA",,"Synchronet"
D0P3 BBS,,NEW,bbs.intersrv.net,,,,"Melborne, VIC, Australia",,"Synchronet"
Danger Bay BBS,Night Rider,Apply - Open to All,dangerbaybbs.dyndns.org,1337,,,"Vancouver, BC, Canada",,"PCBoard"
Dank Domain,Robert Hurst,NEW,play.ddgame.us,23,,http://www.ddgame.us,"Providence, RI, USA",,"Mystic"
Dark Endless,,new,darkendlessbbs.hopto.org,6510,,,"Philadelphia, PA, USA",,"C-Base"
Dark Game BBS,,Desired Handle,darkgame.buanzo.org,,,,"Buenos Aires, , Argentina",,"Mystic"
Dark Realms,,NEW,bbs.darkrealms.ca,23,,http://www.darkrealms.ca,"Toronto, ON, Canada",647-847-2083,"Renegade"
Dark Side BBS,,Desired Handle,bbs.mynameisgabe.com,,,,"The Woodlands, TX, USA",,"Mystic"
Dark Systems BBS,Aaron Grasswell,Real Name or Handle,bbs.dsbbs.ca,,,http://www.dsbbs.ca,"Peterborough, Ontario, Canada",,"RemoteAccess"
Dark Wastelands,,NEW,darkwastelands.com,8888,,,"Denver, CO, USA",,"Synchronet"
DarkAges BBS,,NEW,192.187.108.99,,,,"Kansas City, MO, USA",,"Synchronet"
DarkForce! BBS,Ronald Hall,new,darkforce-bbs.dyndns.org,1040,,http://darkforce.org,"Prestonsburg, KY, USA",,"BBS Express! ST"
Darklevel,knobby / ROLE,NEW,darklevel.hopto.org,64128,,http://csdb.dk/bbs/?id=1891,"near Frankfurt, Hesse, Germany",,"CBase"
DarkMatter's TWGS,,Desired Handle,twgs.geekm0nkey.com,,,,"Murfreesboro, TN, USA",,"TWGS"
Darkwood BBS,Colin Thrag,NEW,darkwood.ddns.net,23,,,"Chicago, IL, USA",,"Worldgroup"
DatGSguy BBS,,NEW,datgsguy.com,6502,2222,,"Eugene, OR, USA",,"Synchronet"
Datotal,,NEW,datotal.net,35723,,,"Berlin, , Germany",,"Synchronet"
Dave's BBS,Dave,,davesbbs.com,23,22,http://www.davesbbs.com,"Verbena, AL, USA",,"Mystic"
Dawn of Demise (MajorBBS),septantrionalis,,tdod.org,3000,,http://tdod.org/mbbs/,"Denver, CO, USA",,"MajorBBS"
Dawn of Demise (Worldgroup),septantrionalis,NEW,tdod.org,23,,,"Denver, CO, USA",,"Worldgroup"
Day Of The Tentacle,Marc-Andre Leveille,,dott.synchro.net,2424,,,"Montreal, QC, Canada",,"Synchronet"
Dead Carrier BBS,,NEW,the-rotten-core.strangled.net,2323,,,"Bremen, , Germany",,"Synchronet"
Dead Internet Society,,NEW,deadinternet.synchronetbbs.org,,,,"Toronto, ON, Canada",,"Synchronet"
Dead Modem Society,JSONBourne,Desired Handle,telnet.deadmodemsociety.com,1337,,http://deadmodemsociety.com,", NH, USA",,"Mystic"
Dead Parrot BBS (GameSrv),CalvusRex,new,bbs.deadparrotbbs.com,2323,,,"Santa Clara, CA, USA",,"GameSrv"
Dead Zone BBS,,,dzbbs.hopto.org,64128,,,"Philadelphia, PA, USA",,"commodore"
Deadbeatz BBS,Tim Blada,Desired Handle,deadbeatz.org,23,,,"Albuquerque, NM, USA",,"Mystic"
Death Row BBS,,NEW,deathrow.servebbs.org,1001,,,"Ogden, UT, USA",,"AmiExpress"
Decades BBS,,new,decades.freeddns.org,6401,,,"Carol Stream, IL, USA",,"Color 64"
DeepSkies BBS,Rick T-137,NEW,bbs.deepskies.com,6400,,http://bbs.deepskies.com,"Toronto, ON, Canada",,"VIC-BBS"
Defile BBS,ViROID,NEW,50.110.169.17,,,,"Martinsburg, WV, USA",,"Renegade"
Delta City BBS,Joacim Melin,,deltacity.se,23,22,http://www.deltacity.se,"Stockholm, SE, Sweden",+46-8-6058800,"NiKom"
Demigoth BBS,Sithra,Desired Handle,bbs.demigoth.com,,,http://www.demigoth.com,"Seattle, WA, USA",,"Mystic"
Demonsnet BBS,Bob Dobbs,,demonsnet.com,23,,http://https://demonsnet.com,"Vancouver, BC, Canada",,"Worldgroup"
Desert Rats Sanctuary TWGS,,Enter,bbs.kn6q.org,2002,,,"Azle, TX, USA",,"TWGS"
DHXY,,,dhxy.info,,,,"Singapore, , Singapore",,"Custom"
Diamond Mine Online (Synchronet),diamond45,NEW,sbbs.dmine.net,24,,http://www.dmine.com,"Fredericksburg, VA, USA",540-369-2900 / 833-473-5400,"Synchronet"
Diamond Mine Online (WWIV),,NEW,wwiv.dmine.net,2323,,,"Fredericksburg, VA, USA",540-369-2900 / 833-473-5400,"WWIV"
Didstopia BBS,,NEW,94.22.232.77,,,,"Kokkola, , Finland",,"Synchronet"
Digicom BBS,DigicomBBS,Desired Handle,bbs.digicombbs.com,2323,,http://digicombbs.com,"Evansville, IN, USA",,"Mystic"
Digilog BBS,,NEW,bbs.digilogbbs.com,2323,,,"Santa Clara, CA, USA",,"Synchronet"
Digital Dial BBS,,new,digitaldial.homeunix.com,2300,,,"Boynton Beach, FL, USA",,"Custom"
Digital Distortion,Eric Oulashin,NEW,bbs.digitaldistortionbbs.com,23,22,http://www.digitaldistortionbbs.com,"Beaverton, OR, USA",971-910-4722,"Synchronet"
Digital Dreams,,NEW,ddreams.synchro.net,,,,"Santa Rosa, CA, USA",,"Synchronet"
Digital Highway,Zalo,new,digitalhighway.com.se,1084,,http://digitalhighway.com.se,"Gothenburg, , Sweden",,"AmiExpress"
Digital Post,,Desired Handle,thedigitalpost.freeddns.org,,,,"Smyrna, DE, USA",,"Mystic"
Digital Rainbow,,NEW,bbs.digitalrainbow.info,,,,"Sydney, NSW, Australia",,"Synchronet"
Digital Sufi,,NEW,digitalsufi.xyz,2323,,,"Dublin, , Ireland",,"Synchronet"
Digital Warfare,Cracker Tron,Desired Handle,bbs.digital-warfare.net,1337,,,"Fort Mill, SC, USA",,"Mystic"
Digital Zone,,new,5.150.245.20,2323,,,"Hassleholm, , Sweden",,"Custom"
Dime BBS,,NEW,alcoholidaybbs.com,94,,,"Columbia, SC, USA",,"WWIV"
Disconnected by Peer BBS,,Desired Handle,bbs.disconnected-by-peer.at,,,,"Vienna, , Austria",,"Mystic"
Diskbox ][,Daryl Greenwood,NEW,tag.diskbox2.net,,,,"Caledonia, MI, USA",,"TAG"
Diskhoppers Palace BBS,Shawn Shultz,NEW,diskhopp.synchro.net,,,,"North Palm Beach, FL, USA",,"Synchronet"
Distant Empires BBS,,NEW,bbs.distantempires.com,8023,,,"Fremont, CA, USA",,"Synchronet"
Distortion,jack phlash,Apply,d1st.org,23,22,http://www.demonic.net,"Seattle, WA, USA",,"Mystic"
DJ Dave BBS,,Desired Handle,djdave.uk,8088,,,"Ipswich, , England",,"Mystic"
DLWX BBS,,NEW,107.175.69.10,60023,,,"Buffalo, NY, USA",,"Synchronet"
DniproWave BBS,Max,NEW,bbs.net.ua,,,,"Dnipro, , Ukraine",,"Synchronet"
Dock Sud,,NEW,bbs.docksud.com.ar,23,,http://bbs.docksud.com.ar,"Buenos Aires, , Argentina",,"Synchronet"
Dogtown BBS,,Desired handle,bbs.kiwi.net,23,,http://bbs.kiwi.net,"Los Angeles, CA, USA",,"Mystic"
Door Games Unlimited,cncfreak,,dgu.strangled.net,,,,"Zephyrhills, FL, USA",,"Synchronet"
Doozy,,NEW,doozy.thruhere.net,,,,"Colchester, , England",,"Synchronet"
Dove Only,,NEW,casper.homeip.net,,,,"Brisbane, QLD, Australia",,"Synchronet"
Down-Lo,,NEW,bbs.winzlo.com,,22,,"Minneapolis, MN, USA",,"Synchronet"
DownUnder BBS,,NEW,202.90.240.159,,,,"Adelaide, SA, Australia",,"Worldgroup"
Dragon's Lair BBS,Stephen Walsh,Desired Handle,dragon.vk3heg.net,6800,,,"Ballarat, VIC, Australia",,"Zeus"
Dragonsweb Labs BBS,,new,bbs.dragonsweb.org,,,,"Dallas, TX, USA",,"MBSE"
Dream Garden,,new,cd.csie.io,,,,"Tokyo, , Japan",,"MapleBBS"
Dream Land BBS,,guest,ccns.cc,3456,,,"Taipei, , Taiwan",,"DreamBBS"
Dreamland BBS,dream master,any name,bbs.dreamlandbbs.org,23,22,http://www.dreamlandbbs.org,"North Hollywood, CA, USA",,"Mystic"
Dreamline BBS,Chris Costa,NEW,din.asciiattic.com,,,,"Caldwell, NJ, USA",,"MajorBBS"
DUAO BBS,,NEW,hermes.okyler.com,,,,"Lille, , France",,"Synchronet"
Duensing Digital,,NEW,bbs.duensing.digital,,,,"Chesterfield, MO, USA",,"Synchronet"
Dumuzi BBS,,NEW,dumuzi.lykaina.com,,,,"Orangeburg, NY, USA",,"Synchronet"
Dundarach BBS,,Desired Handle,dundarach.tplinkdns.com,,,,"Hull, , England",,"Mystic"
Dungeon BBS,,NEW,59.167.142.49,,22,,"Barton, ACT, Australia",,"Synchronet"
Dura-Europos,Skip,NEW,dura-bbs.net,6359,,,"Tacoma, WA, USA",,"GBBS Pro"
Dybbuk Box BBS,,NEW,irc.s3tg5z.com,,,,"Dallas, TX, USA",,"Synchronet"
Dynamite BBS (1),,NEW,dynamite.bbsing.com,23,,,"Oshkosh, WI, USA",,"Synchronet"
Dynamite BBS (2),,NEW,dynamite.synchronetbbs.org,23,,,"Fremont, CA, USA",,"Synchronet"
Dyslexic Donkey,,Apply,dydo.erb.pw,1337,,,"Colchester, , England",,"Enigma 1/2"
Eagle's Dare BBS,,NEW,bbsdoors.com,,,,"Locust Grove, VA, USA",,"WWIV"
Eaglewing BBS,,new,eaglewing1962.freeddns.org,6400,,,"Poplar Bluff, MO, USA",,"Color 64"
Eat My Shorts! BBS,scott labrecque,Desired Handle,ems-bbs.com,,,http://www.ems-bbs.com,"Anaheim, CA, USA",,"Wildcat"
Echo Base BBS,,Desired Handle,96.27.249.221,,,,"Naperville, IL, USA",,"Mystic"
Echo Chamber BBS,madman,,echochamber.zapto.org,3640,,,"Sacramento, CA, USA",,"Mystic"
Echo Mirage BBS,David Graves,,bbs.echo-mirage.net,1989,,http://bbs.echo-mirage.net,"Clinton, MS, USA",,"Mystic"
Echoes BBS,,NEW,echoes.120v.ac,,,,"Rochester, MN, USA",,"Synchronet"
Eclipse BBS,,NEW,eclipsebbs.com,,,,"Louisa, KY, USA",,"Worldgroup"
Efectolinux,,NEW,bbs.efectolinux.com,,,,"San Antonio, TX, USA",,"Synchronet"
El Vicio,,NEW,elvicio.net,,,,"Boardman, OR, USA",,"BBS100"
Electraphysics TWGS,Sunny Boparai,Desired Handle,142.11.212.221,,,http://electraphysics.com,"Toronto, ON, CA",,"TWGS"
Electron Wrangler BBS,,NEW,bbs.electronwrangler.io,1337,,,"Moses Lake, WA, USA",,"Renegade"
Electronic Chicken BBS,,NEW,bbs.electronicchicken.com,23,,,"Toronto, ON, Canada",,"Synchronet"
Elevator BBS,,Real Name,162.212.158.202,,,,"Chicago, IL, USA",,"EleBBS"
Emerald Hill BBS,,NEW,bbs.emeraldhill.org,,,,"Cleveland, OH, USA",,"Synchronet"
Emerald Valley,Ryan Cushing,NEW,bbs.emeraldvalley.net,,,,"Eugene, OR, USA",,"Synchronet"
Empire of the Dragon BBS,,NEW,bbs.eotd.com,23,,,"Evergreen, CO, USA",303-679-0161,"Worldgroup"
EMU486,,new,bbs.emu486.net,,,,"Banqiao, , Taiwan",,"MapleBBS"
End Of The Line BBS,nelgin,NEW,endofthelinebbs.com,23,22,http://www.endofthelinebbs.com,"Plano, TX, USA",469-200-3550,"Synchronet"
ENiAC 2.0 BBS,sp34kl337j00,Desired Handle,eniacv2.net,1337,,,"Salt Lake City, UT, USA",385-202-2120,"Mystic"
Enigma BBS,,NEW,enigma-bbs.com,,,,"Calais, , France",,"Synchronet"
Enterprise BBS,Capt Kirk,,enterprisebbs.ddns.net,1701,,,"Runnemede, NJ, USA",,"Color 64"
Entropy BBS,John morrison,NEW,entropybbs.zapto.org,,,,"Christchurch, , New Zealand",,"Synchronet"
ERICADE Network,StripeCAT,,the.ericade.net,23,,http://the.ericade.net,"Stockholm, , Sweden",,"Amiga"
Error 200 Tech BBS,TheRetroDev TheRetroDev,Desired Handle,bbs.error200.tech,1337,,,"Highland, IL, USA",,"Mystic"
Error 404 (TWGS),Solaris,Desired Handle,error404bbs.ddns.net,24,,,"Perrysburg, OH, USA",,"TWGS"
Error 404 BBS File Server,Solaris,,error404bbs.ddns.net,513,,http://sysopsolaris.com,"Perrysburg, OH, United States",,"Mystic"
Error 404 BBS Phone Book,Solaris,,error404bbs.ddns.net,419,,http://sysopsolaris.com,"Perrysburg, OH, USA",,"Mystic"
Escape To Other Worlds,,NEW,etow.synchro.net,,,,"San Jose, CA, USA",,"Synchronet"
Eternal Domain BBS,,Desired Handle,bbs.eternaldomain.net,,,,"Bakersfield, CA, USA",,"Mystic"
Euphoria BBS,,NEW,euphoria.mudinfo.net,8888,,,"Trevose, PA, USA",,"Worldgroup"
Exoplanet,,NEW,exoplanetbbs.net,,,,"Severna Park, MD, USA",,"Synchronet"
Extreme BBS,,NEW,bayvillewireless.com,,,,"Bay City, MI, USA",,"Worldgroup"
Extricate BBS,,NEW,bbs.extricate.org,,,,"Godalming, , England",,"Synchronet"
Eye of the Beholder,,Real Name,fido.beholderbbs.org,23,,http://fido.beholderbbs.org,"Badalona, , Spain",,"BBBS"
Eye of the Storm,,NEW,on.the.net.nz,,,,"Christchurch, , New Zealand",,"Synchronet"
Fading Black,,Apply,23.95.146.28,8282,,,"Upland, CA, USA",,"Enigma 1/2"
Faith Collapsing BBS,,NEW,bbs.faithcollapsing.com,2323,,,"Dayton, OH, USA",,"WWIV"
Family BBS,,Desired Handle,familybbs.ddns.net,23,,,"Auckland, , New Zealand",,"Mystic"
FDD1,,NEW,fdd.one,,,,"Clifton, NJ, USA",,"Synchronet"
Federation Apocalypse,Harrison Gibson,Desired Handle,fedapoc.tel,2301,,http://fedapoc.tel,"Fremont, CA, USA",,"RemoteAccess"
Fennec BBS,,NEW,50.116.41.177,,,,"Atlanta, GA, USA",,"Synchronet"
Fercho BBS,,,ferchobbs.ddns.net,2323,,,"Buenos Aires, , Argentina",,"Synchronet"
File Bank BBS,Terry Roati,Alias,tfb-bbs.org,23,,http://tfb-bbs.org,"Carins, QLD, Australia",,"Wildcat"
Files 4 Fun BBS,SirRonmit,,bbs.f4fbbs.com,2323,,http://f4fbbs.com/BBS-Files.php,"Omaha, NE, USA",,"Mystic"
Fireside BBS,Vincent Jacobs,NEW,firesidebbs.com,23231,,http://firesidebbs.com,"Little Flock, AR, USA",,"Synchronet"
First Division,,Desired Handle,158.174.185.101,1987,,,"Gothenburg, , Sweden",,"Daydream"
Flipnet,,NEW,bbs.abbadabba.tech,4242,,,"Cumming, GA, USA",,"Worldgroup"
FlipperZero BBS,Guido Giorgi,Desired Handle,bbs.gglab.cloud,2323,2222,http://bbs.gglab.cloud,"Livorno, , Italy",,"Mystic"
FlupH BBS,,Desired Handle,fluph.zapto.org,23,,,"Bluecreek, WV, USA",,"Mystic"
Fluxpod Information Exchange,,Real Name,fix.no,24,,http://www.fix.no,"Oslo, , Norway",,"BBBS"
FMRL,maskreet,new,fmrl.throwbackbbs.com,2324,,,"Meriden, CT, USA",,"Iniquity"
Fool's Quarter BBS,Tim Whitson,,fqbbs.synchro.net,23,,http://bbs.foolsquarter.com,"West Linn, OR, USA",,"Synchronet"
Forem XE BBS,,new,foremxebbs.ddns.net,9999,,,"Allentown, PA, USA",,"Forem XE"
Forze BBS,opicron,,bbs.opicron.eu,,22,http://thawk.nl/2021/05/13/dial-up-nostalgia/,"Amsterdam, Noord Holland, Netherlands",,"Mystic"
Free Corner,,NEW,bbs.debonne.eu,,,,"Amsterdam, , The Netherlands",,"ProBoard"
Freeside BBS,ratz,Apply,74.138.82.254,23,,,"Cincinnati, OH, USA",,"Mystic"
Freeway BBS,,,freeway.vkradio.com,23,,,"Bendigo, VIC, Australia",,"Synchronet"
French Connection,,new,72.38.168.118,31023,,,"Renfrew, ON, Canada",,"Custom"
Fria Bad BBS,Jucke Judas,,friabad.hopto.org,64128,,,"Fria Bad, Helsingborg, Skaune, Sweden ",,"C-Base"
Frontier BBS,Dave Parker,NEW,frontierbbs.co.uk,,22,http://frontierbbs.co.uk,"Redhill, , United Kingdom",,"C-Base"
Frozen Floppy BBS,,NEW,bbs.retrohack.se,64128,,,"Ahus, , Sweden",,"C-Base"
fTelnet Demo Server,,NEW,bbs.ftelnet.ca,,,,"Port Coquitlam, BC, Canada",,"Synchronet"
Fuji Summit,,NEW,winnow.1q1.me,,,,"Chicago, IL, USA",,"Synchronet"
Funtopia BBS,Stephan Gebbers,New,funtopia.synchro.net,3023,3022,http://funtopia.synchro.net,"Potsdam, BRB, Germany",+49-331-2804136,"Synchronet"
Furry Refuge,,Apply,bbs.furryrefuge.com,,,,"Weatogue, CT, USA",,"Synchronet"
Fusion BBS,,NEW,pruffino.com,,,,"South Milwaukee, WI, USA",,"Worldgroup"
Future World II,K-Guide,New,fw2.cnetbbs.net,6800,,http://cnetbbs.net,"Fort Worth, TX, USA",,"CNet Pro"
Futureland,,NEW,futureland.today,,,,"Frankfurt am Main, , Germany",,"Synchronet"
Galaxy 74 BBS,,NEW,galaxy74bbs.com,,,,"Phoenix, AZ, USA",,"Synchronet"
Galaxy BBS,gallaxial,Desired Handle,gallaxial.com,23,22,,"Montreal, QC, Canada",,"Mystic"
Game Master,,NEW,bbs.game-master.com,,,,"Lac-Simon, QC, Canada",,"Worldgroup"
Gamenet BBS Network,,NEW,gamenet.synchronetbbs.org,23,,,"Fremont, CA, USA",,"Synchronet"
Garbage Dump BBS,,NEW,ufpgc.com,2323,,,"Richmond, , New Zealand",,"MajorBBS"
Gate BBS (Synchronet),N4DLT,,thegateb.synchro.net,23,,,"Shelby, NC, USA",,"Synchronet"
Gate BBS (WWIV),N4DLT,,thegateb.synchro.net,2424,,,"Shelby, NC, USA",,"WWIV"
Gateway BBS,,NEW,gatewaybbs.net,2023,,,"Mahopac, NY, USA",,"Searchlight"
GCC-BBS,,NEW,gcc-bbs.com,,,,"Altamont, TN, USA",,"Synchronet"
Geezer's Fido Hub,,new,mbse.gzrbbs.net,2320,,,"Lerino, , Italy",,"MBSE"
Gemenon,,NEW,gemenon.org,2323,,,"Moses Lake, WA, USA",,"Synchronet"
Generation III Pot-D,,new,geniv.dyndns.org,150,,,"Brooklyn, NY, USA",,"PCBoard"
Genetic-Point BBS,Codetsu,visitors GUEST pass: GUEST  Reg. just type name what you like to use,g-point.tunk.org,500,,,"Tampere, , Finland",,"MAX's PRO"
GigaBite BBS,Peter Nilsson,Desired Handle,bbs.gigabite.se,,22,,"Mora, , Sweden",,"MAX's PRO"
GlitchNet,greenturtle537,NEW,glitchtech.top,,2222,http://glitchtech.top/login,"Crofton, MD, USA",,"Synchronet"
Global Chaos BBS,Michael Selhof,Real Name,globalchaosbbs.com,23,,http://www.globalchaosbbs.com,"Prittriching, Bavaria, Germany",+49 8206 5360387 *,"Wildcat"
Global Village BBS,,Desired Handle,the.globalvillagebbs.net,2323,2222,,"Falkenstein, , Germany",,"Mystic"
Gods69.com BBS,,Desired Handle,92.91.25.209,2323,,,"Verneuil-sur-Avre,, , France",,"Mystic"
Golden Temple,Christopher Painter,new,bbs.iswix.com,6800,,http://bbs.iswix.com,"Cedar Park, TX, USA",,"C-Net"
Goldmine Community Door Game Server,,NEW,goldminedoors.com,2513,,,"Santa Clara, CA, USA",,"Synchronet"
Gone Rogue TWGS,,Desired Handle,roguetw.net,2002,,,"Buffalo, NY, USA",,"TWGS"
Goof's Garage,,new,goofsgarage.com,6464,,,"Calgary, AB, Canada",,"Image BBS"
Goosenet BBS,,Desired Handle,bbs.g00r00.com,,,,"Stukenbrock, , Germany",,"Mystic"
Greenhead BBS,,NEW,bbs.greenhead.ca,,,,"Toronto, ON, Canada",,"Synchronet"
Greywolf's Den,,NEW,greywolf.synchro.net,23,,,"Bigfork, MT, USA",,"Synchronet"
Grimoire BBS,Junnaid Malik,NEW,grimoirebbs.sytes.net,23,,http://grimoirebbs.sytes.net,"Sayreville, NJ, USA",,"Worldgroup"
Grinches Realm,Brian Fuchs,,tgr.freeddns.org,23,22,,"Edgerton, WI, USA",,"Mystic"
Ground Control BBS,,Desired Handle,gcbbs.net,2323,,,"Jacksonville, FL, USA",,"Mystic"
Ground Zero BBS,,Desired Handle,71.239.223.149,2323,,,"Park Forest, IL, USA",,"Mystic"
Guardian of Forever,Josh Renaud,NEW,guardian.synchro.net,,,http://guardian.synchro.net,"Ferguson, MO, USA",,"Synchronet"
Guru BBS,,new,bbs.bajer.cz,32,,,"Ostrava, , Czech Republic",,"Maximus"
Haciend El Bananas,,Apply,haciend.com,8821,,,"Haciend, , Finland",,"Mystic"
Hackerforce BBS,Nils Andreas,new,bbs.hackerforce.de,2323,,http://www.hackerforce.de,"Frankfurt, , Germany",,"Mystic"
Hackmeeting 0x1B BBS,,Apply,95.217.16.88,8888,,,"Helsinki, , Finland",,"Enigma 1/2"
Hagar's Helpline,,Real Name,hagars.org.uk,24,,,"London, , England",,"EleBBS"
Halcyon BBS,,,halcyonbbs.scisweb.org,,,http://NEW,"Beloeil, QC, Canada",,"Synchronet"
Halls of Valhalla BBS,Morgan Collins,NEW,hovalbbs.com,2333,2233,,"San Francisco, CA, USA",,"Synchronet"
Happyland,,new,citadel.dc540.org,23230,,,"Amsterdam, , The Netherlands",,"Citadel"
Harbor BBS,,NEW,96.30.192.92,,,,"Atlanta, GA, USA",,"Synchronet"
Hated Reality,,NEW,hatedreality.homeunix.net,23,,,"Monroe, MI, USA",,"Worldgroup"
Hawaii BBS Atari 8 Bit,Howard,NEW,atari-bbs.zapto.org,8888,,,"Hessen, , Germany",,"Oasis"
Hax0r's Palace,,NEW,telnet.unknownrealm.org,,,,"Pittsburgh, PA, USA",,"Synchronet"
Heatwave,Mad Hatter,,heatwave.ddns.net,9640,,,"Montgomery, TX, USA",,"S&amp;T"
Heights BBS,,NEW,heightsbbs.heightspc.net,6860,,,"Casas Adobes, AZ, USA",800-258-4660 or 520-303-7894,"C-Net"
Herbies BBS,Herbies-BBS,,herbies-bbs.ddns.net,2323,,http://herbies-bbs.ddns.net,"Weil am Rhein, Baden-Württemberg, Germany",,"ProBoard"
Herbies BBS II,Herbies-BBS,,herbies-bbs.ddns.net,23,,http://herbies-bbs.ddns.net,"Weil am Rhein, , Germany",,"Mystic"
Herbies BBS III,,NEW,herbies-bbs.ddns.net,2424,,,"Frankfurt am Main, , Germany",,"Synchronet"
HeXed (Mystic),Scuz(TX!),Desired Handle,hexedbbs.com,1337,,,"Troy, OH, USA",,"Mystic"
HeXed BBS (OBV/2),Scuz(TX!),new,hexedbbs.com,23999,,,"Troy, OH, US",,"Oblivion/2"
Hidden BBS,,new,the-hidden.hopto.org,64128,,,"Stuttgart, , Germany",,"C-Base"
Hidden Paradise,,Real Name,hpbbs.dyndns.org,23,,,"Batavia, NY, USA",,"Wildcat"
High Desert BBS,,Real Name,highdesertbbs.ddns.net,6400,,,"Lancaster, CA, USA",,"commodore"
HispaMSX BBS,,NEW,bbs.hispamsx.org,23,,http://www.hispamsx.org,"Almeria, , Spain",,"Synchronet"
Hobbit Station BBS,,NEW,wfido.ru,1234,,,"Kaluga, , Russia",,"Custom"
Hobby Line! BBS,Michael Dippel,Real Name,hobbylinebbs.com,,,http://hobbylinebbs.com,"Sun City Center, FL, USA",,"Wildcat"
Hobby Space,Mark Meadows,NEW,hobbyspc.synchro.net,,22,http://hobbyspc.synchro.net,"Mt. Pleasant, NC, USA",,"Synchronet"
Hohimer BBS,,Desired Handle,mail.hohimer.org,1336,,,"St. Louis, MO, USA",,"Mystic"
Hold Fast BBS,nitron,,interzone.annexia.xyz,2323,,http://holdfastbbs.ca,"Ottawa, ON, Canada",,"Mystic"
Hologram Computing BBS,,NEW,sbbs.hologramcomputing.net,,,,"Ashburn, VA, USA",,"Synchronet"
Honey-At-Home,,new,31.133.0.38,,,,"Warsaw, , Poland",,"MBSE"
Horizon BBS,ccrash,NEW,bbs.horizonbbs.org,23,,http://bbs.horizonbbs.org,"Huntington Beach, CA, USA",,"Synchronet"
House of Baud BBS,,Apply,houseofbaud.com,8888,,,"San Francisco, CA, USA",,"Enigma 1/2"
Huanian Xiaoji,,new,literature.twbbs.io,,,,"Santa Clara, CA, USA",,"Current PTT"
HyNET BBS,Mel Melli,NEW,bbs.hyena.network,,22,http://hyena.network,"Frankfurt am Main, , Germany",,"Enigma 1/2"
Hysteria BBS,,Real Name,bbs.retrorewind.ca,,,,"Toronto, ON, Canada",,"Zeus"
IB-BBS,,Real Name,bbs.ibbs.be,,,,"Brussels, , Belgium",,"Custom"
Ice Castle BBS,greg-meckel,NEW,69.178.59.98,,22,,"Anchorage, AK, USA",,"Synchronet"
Imzadi Box,Anna Christina Naß,NEW,box.imzadi.de,,,http://box.imzadi.de,"Karlsruhe, , Germany",,"Synchronet"
Inconsistency BBS,,NEW,66.228.57.87,2323,,,"Atlanta, GA, USA",,"WWIV"
Infinite Dream BBS,,NEW,aws1.fmerino.com.br,,,,"Ashburn, VA, USA",,"Synchronet"
Infonet BBS,,Desired Handle,bbs.rclabs.com.br,2323,2223,,"Dusseldorf, , Germany",,"Mystic"
Inner Core,,Real Name,sbbs.ricin.io,,,,"Fairfield, CA, USA",,"Wildcat"
Insane Asylum BBS,,NEW,tiabbs.synchro.net,,,,"Harveys Lake, PA, USA",,"Synchronet"
Insomnia,,NEW,insomnia.synchronetbbs.org,,,,"Atlanta, GA, USA",,"Synchronet"
INTAA,,Apply,bbs.intaa.net,,,,"Osaka, , Japan",,"Enigma 1/2"
Integrated Telecommunications Centre,Gary Hoffmann,,itcbbs.ddns.net,23000,,,"Windsor, ON, Canada",,"TBBS"
Internal Dimension BBS,,Desired Handle,bbs.idbbs.ca,59,,,"Hamilton, ON, Canada",,"Mystic"
Interstellar TWGS,,Desired Handle,70.122.247.57,2002,,,"Arlington, TX, USA",,"TWGS"
Interzone,,Desired Handle,bbs.interzone.cloud,,,,"Burnaby, BC, Canada",,"Mystic"
Iowa Student Assc. BBS (ISCA),,new,bbs.iscabbs.com,23,,http://www.iscabbs.com,"Iowa City, IA, USA",,"DOC"
IPTIA BBS (Synchronet),,NEW,bbs2.ipingthereforeiam.com,2323,,,"Stafford, VA, USA",,"Synchronet"
ISIS Unveiled,,,isisunveiled.no-ip.org,23,,,"Austin, TX, USA",,"Mystic"
Itchy Butt BBS (Color 64),MIchael Newkirk,,itchybutt.org,6502,,,"King George, VA, USA",,"Color 64"
Jacob's Hideout BBS,,NEW,bbs.jacobcat.app,,,,"Manila, , Philippines",,"Synchronet"
JawnCon0x1,,Apply,0x1.jawncon.org,8888,,,"North Bergen, NJ, USA",,"Enigma 1/2"
Jersey Jam BBS,,NEW,bbs.jerseyjam.com,2323,,,"Budd Lake, NJ, USA",,"Synchronet"
JLR BBS,,Apply,104.189.133.180,8888,,,"Lyman, SC, USA",,"Enigma 1/2"
Joe's Computer BBS,,Desired Handle,joesbbs.com,,,,"Edmonton, AB, Canada",,"Mystic"
Jolly Roger BBS,Daniel Garrod,NEW,bbs.thejollyrogerbbs.com,8023,,http://www.thejollyrogerbbs.com,"Cambridge, , England",,"ArmBBS"
JumpStart BBS,,NEW,exciter.ws,23,,http://www.exciter.ws,"Wasilla, AK, USA",,"Synchronet"
Jungle BBS (1),,new,junglebbs.com,,,,"Mount Arlington, NJ, USA",,"Custom"
Jupiter,Matthew Ulrich,NEW,217.180.212.89,,2222,,"Clayton, OH, USA",,"Synchronet"
Kalgoorlie Retro BBS,,NEW,bbs.theiguru.au,2323,,,"Kalgoorlie, WA, Australia",,"Synchronet"
Kats Alley,,NEW,tka.8bitboyz.com,6400,,,"Rio Rancho, NM, USA",,"Image BBS"
Kaypro BBS,Arden Eby,NEW,kayprobbs.org,23,,,"Portland, OR, USA",,"Synchronet"
KC7STW,,NEW,phantomrage.ddns.net,,,,"Grass Valley, CA, USA",,"Synchronet"
KCM BBS System,,Desired Handle,zahrl.ddns.net,2023,,,"Vienna, , Austria",,"Mystic"
KD3net,KenDB3,NEW,bbs.kd3.us,23,22,http://bbs.kd3.us,"Pawtucket, RI, USA",,"Synchronet"
KD8HFX,,NEW,bbs.kd8hfx.net,,,,"Allen Park, MI, USA",,"Synchronet"
KEEP BBS,Gregory McGill,NEW,thekeep.net,23,,http://web2.thekeep.net/wp,"Carlton, OR, USA",503-852-3170,"Worldgroup"
Kernel Fortress,,Apply,kernelfortress.org,,,,"Durham, NC, USA",,"Enigma 1/2"
Killed In Action BBS,,NEW,kia.zapto.org,,,,"Valdosta, GA, USA",,"Synchronet"
Kilobyte,,NEW,24.166.43.233,,,,"Doylestown, OH, USA",,"Synchronet"
Kingdom's End BBS (Mystic),,Desired Handle,bbs.kingdomsendbbs.net,,,,"New York City, NY, USA",,"Mystic"
Kingdom's End BBS (Synchronet),,NEW,sbbs.kingdomsendbbs.net,,,,"Fremont, CA, USA",,"Synchronet"
Kirika BBS,,new,andcycle.idv.tw,,,,"Taipei, , Taiwan",,"MapleBBS"
KiwiMates,,NEW,96.231.233.47,,,,"Laurel, MD, USA",,"Worldgroup"
KK4QBN BBS,,NEW,kk4qbn.synchro.net,,,,"Birmingham, AL, USA",,"Synchronet"
Kludge BBS,jcs,Desired Handle,klud.ge,23,,http://klud.ge,"Chicago, IL, USA",312-500-2600,"SubText"
Kneesurgery,,NEW,kneesurgery.moe,,,,"Yellowknife, NT, Canada",,"Synchronet"
Knight of The Round Table,,NEW,98.235.15.14,,,,"Willow Street, PA, USA",,"Synchronet"
Korenblom,,Desired Handle,bbs.korenblom.nl,,,,"Amsterdam, , The Netherlands",,"Mystic"
Kraaby Gamer BBS,,NEW,kraaby.synchro.net,,,,"Donna, TX, USA",,"Synchronet"
Kuehlbox,stimpy,Desired Handle,kuehlbox.wtf,23,,http://kuehlbox.wtf,"Frankfurt, , Germany",,"Mystic"
Kyrandia,,NEW,96.231.233.60,,,,"Laurel, MD, USA",,"Worldgroup"
Lab BBS,doctorwade,Desired Handle,bbs.dicksonlabs.net,2325,,,"Dickson, TN, USA",,"Mystic"
Lake House BBS,,NEW,lakehouse.lilpenguins.com,2333,,,"Charlotte, NC, USA",,"Synchronet"
Land of Frogs and Contemplation,,NEW,lofac.mintyfresh.love,,,,"The Dalles, OR, USA",,"Synchronet"
Land of the Lost,t3rminal fr0st,,landofthelost.ca,2300,,http://landofthelost.ca,"Vancouver, BC, Canada",,"Custom"
Landover BBS,,NEW,landover.synchronetbbs.org,,,,"Fremont, CA, USA",,"Synchronet"
Last Rangers' BBS,Grendil,,lastrangers.com,23,,,"Detroit, MI, USA",,"Synchronet"
LateNight DiversiDial,Pete Bartusek,,latenight.diversidial.com,313,,http://www.diversidial.com,"Detroit, MI, USA",,"Diversi-Dial"
Legends of Yesteryear,Dallas Vinson,Desired Handle,loy.hopto.org,2323,,,"Huntsville, AL, USA",,"Mystic"
Lehigh Valley Vintage Computer Club,,NEW,bbs.lightly-salted.com,8023,,,"Allentown, PA, USA",,"Synchronet"
Leisure Time BBS,Robert R,,bbs.riddells.net,10023,,,"New Baden, IL, USA",,"Mystic"
Level 29,Nathnial Hendler,,bbs.fozztexx.com,23,,http://www.fozztexx.com,"Fair oaks, CA, USA",916-965-1701,"Custom"
Lexicon BBS (Image BBS),,NEW,lexiconbbs.com,6400,,,"Colonia, NJ, USA",,"Image BBS"
Liane BBS,,guest/guest,bbs.vslib.cz,23,,http://bbs.vslib.cz,"Liberec, , Czech Republic",,"Custom"
Liquid Digital,,NEW,98.212.225.126,,,,"Rockford, IL, USA",,"Worldgroup"
Live Wire BBS,,NEW,livewirebbs.com,1025,,,"Plymouth, MN, USA",,"Synchronet"
LNRC-IN Boards,,NEW,board.lnrcbbs.net,,,,"Fontanet, IN, USA",,"Synchronet"
Local Yocal BBS,,NEW,localyocalbbs.com,,,,"Clearwater, FL, USA",,"Synchronet"
Logic Zero BBS,,NEW,home.thezen.garden,,,,"Redruth, , England",,"Synchronet"
Looney Bin BBS!,Pat Finnerty,,looneybinbbs.com,2023,,http://looneybinbbs.com,"Sunset Beach, NC, USA",,"Mystic"
Lord Raptor's Domain,,NEW,150.221.218.212,,,,"Silsbee,, TX, USA",,"Synchronet"
Lord.stabs.org,,newuser,lord.stabs.org,23,,http://lord.stabs.org,"Vancouver, BC, Canada",,"Custom"
Lost Caverns BBS,CommodoreMo,NEW,tlcbbs.dynu.net,6400,,,"Macomb Township, MI, USA",,"Centipede BBS"
Lost Chord BBS (Commodore BBS),Weatherman,Desired Handle,tlcbbs.synchro.net,6400,,,"Cheyenne, WY, USA",,"C-Net"
Lost Chord BBS (Searchlight BBS),Weatherman,NEW,tlcbbs.synchro.net,6023,,,"Cheyenne, WY, USA",,"Searchlight"
Lost Chord BBS (Synchronet BBS),Weatherman,NEW,tlcbbs.synchro.net,,,http://tlcbbs.synchro.net,"Cheyenne, WY, USA",,"Synchronet"
Lost Crypt BBS,,NEW,bbs.lostcrypt.com,,,,"Worcester, MA, USA",,"Synchronet"
Lostways BBS,bloodrock,NEW,98.144.7.205,23,,http://lostwaysbbs.mooo.com,"Brookfield, WI, USA",,"Worldgroup"
Love Of Net Endless (Chinese),,new,bbs.qeeai.com,,,,"Dallas, TX, USA",,"Custom"
LowCrash DEV BBS,,Apply,bbs.lowcrash.dev,8888,,,"Ljubljana, , Slovenia",,"Enigma 1/2"
LSNET Archive,,NEW,bbs.lsnet.dev,,,,"Ashburn, VA, USA",,"Synchronet"
Lumni's Playhouse,,NEW,lumnisplayhouse.ddns.net,2300,,,"Huntington, WV, USA",,"Synchronet"
Lunar Mod,,NEW,bbs.lunar-mod.com,2323,,,"Atlanta, GA, USA",,"Talisman BBS"
Lunar Outpost,,NEW,lunarout.synchro.net,8023,,,"Oak Harbor, WA, USA",,"Synchronet"
Lunatics Unleashed BBS,Ross Branham,Desired Handle,lunaticsunleashed.ddns.net,2333,2222,http://lunaticsunleashed.ddns.net,"Tonawanda, NY, USA",,"Mystic"
LV-426,,Desired Handle,lv426bbs.hopto.org,6464,,,"Norfolk, VA, USA",,"CNet Pro"
Lytical HackFund BBS,,,134.209.40.1,31337,,,"Clifton, NJ, USA",,"Enigma 1/2"
M. Station,Black Beard,,mstation.servebbs.com,,,http://www.amiexpress.co.uk,"Miami, FL, USA",,"AmiExpress"
M0n.de BBS,,NEW,172.105.27.143,,,,"Toronto, ON, Canada",,"Synchronet"
Machdyne BBS,,Desired Handle,206.189.226.31,,,,"North Bergen, NJ, USA",,"Mystic"
Made To Raid,,Desired Handle,bbs.madetoraid.com,2323,,,"Jewett City, CT, USA",,"Mystic"
Madman with a Blue Box,madman,Desired Handle,madmanbbs.ddns.net,23,,,"Bartlett, TX, USA",,"Mystic"
MadWorld BBS,steven huffman,,www.madworldbbs.com,52146,,,"Kansas City, MO, USA",,"Centipede BBS"
Magic Systems,Leo Barnhoorn,With your name or alias.,bbs.magicbbs.eu,6323,,http://https://www.magicbbs.eu,"Katwijk, ZuidHolland, The Netherlands",,"MagicBBS"
Magnum BBS,Keyop Troy,NEW,magnumbbs.net,,22,http://web.magnumbbs.net,"Huddersfield, West Yorkshire, England",+44-1484-320007,"Synchronet"
Maiden's Realm,,NEW,bbs.maidensrealm.com,,,,"Phoenix, AZ, USA",,"Synchronet"
Maiks Place BBS,,Desired Handle,bbs.maik.ch,2323,,,"Neunkirch, , Switzerland",,"Mystic"
MajorBBS Official Demo BBS,,NEW,bbs.themajorbbs.com,,,,"Ashburn, VA, USA",,"MajorBBS"
Maniac Zone,,NEW,tmz.synchronetbbs.org,23,,,"Fremont, CA, USA",,"Synchronet"
Mark Van Daele's TWGS,,Enter,game.tw2002.net,,,,"Aurora, IL, USA",,"TWGS"
Master Boot Record,,Desired Handle,mbrserver.com,23,,,"Arezzo, , Italy",,"Mystic"
MasterCom,,NEW,bbs.sunspothq.dyndns.org,,,,"Sun City West, AZ, USA",,"Synchronet"
Mastodon,,Desired Handle,mastodon.uy,,,,"Montevideo, , Uruguay",,"Mystic"
Mauridio's BBS,,Desired Handle,37.207.136.210,2384,,,"Modena, , Italy",,"Mystic"
MaxBBS,,new,maxbbs.ddns.net,24023,,,"Salerno, , Italy",,"Felixia"
MBSE Professional Dev BBS,,Real Name,phoenix.bnbbbs.net,2323,,,"Pawcatuck, CT, USA",,"MBSE"
Medusa BBS,Shane S,NEW,medusagaming.ca,230,,,"Edmonton, AB, Canada",,"Synchronet"
Mega BBS Public BBS System,ptaylor,Desired Handle,themegabbs.ddns.net,6400,,http://themegabbs.ddns.net,"Vienna, VA, USA",,"Mystic"
Megadodo Publications,Matt Ianson,Desired Handle,megadodo.online,4242,,,"Sydney, NSW, Australia",,"Mystic"
Mel's Diner,,Desired Handle,199.195.254.241,6800,,,"New York City, NY, USA",,"Mystic"
Memphis TW BBS,,NEW,bbs.memphistw.org,,,,"Memphis, TN, USA",,"Synchronet"
Memphis TW TWGS,,Desired Handle,bbs.memphistw.org,2002,,,"Memphis, TN, USA",,"TWGS"
Metal Zone,,NEW,tmzbbs01.synchro.net,,,,"Weslaco, TX, USA",,"Synchronet"
Metro Olografix,,,bbs.olografix.org,,,,"Pescara, , Italy",,"Wildcat"
Mick's Remote WWIV Hangout,Mike Manning,NEW,centralontarioremote.net,23,,http://centralontarioremote.net,"Trent Hills, ON, Canada",,"WWIV"
MicroBlaster TWGS,,,microblaster.net,2002,,,"Boulder, CO, USA",,"TWGS"
Microtown BBS,Jeff Vacha,,microtownbbs.com,6400,,,"Princeton, NJ, USA",,"CGBBS"
Midnight Lounge,Mariposa,NEW,67.149.17.69,,,,"Panama City Beach, FL, USA",,"Synchronet"
Mimac Rebirth,,Desired Handle,mimac.bizzi.org,2323,,,"Roubaix, , France",,"Mystic"
Missing Links,,Real Name,mlinks.com,,,,"Las Vegas, NV, USA",,"Wildcat"
Mistress of Fire,,NEW,mistressoffire.com,,,,"Brentwood, TN, USA",,"Synchronet"
Miya Net,,NEW,miyanet.moe,,,,"Frankfurt am Main, , Germany",,"Synchronet"
Mizuki Community (Newsmth BBS),,NEW,bbs.newsmth.net,,,,"Beijing, , China",,"Custom"
MMN,,Real Name,66.55.66.25,,,,"Toronto, ON, Canada",,"Wildcat"
Modemo Tider,,Desired Handle,modematider.selstam.nu,50023,,,"Stockholm, , Sweden",,"Mystic"
Modern Retro,MacGyver,Desired Handle,173.217.78.103,2323,,,"Sulphur, LA, USA",,"Mystic"
Moe's Tavern,Mike Powell,,moetiki.ddns.net,27,,,"Frankfort, KY, USA",502-875-8938,"GT-2000"
Mojo's World BBS,,NEW,mojo.synchro.net,,,,"Lansing, MI, USA",,"Synchronet"
Monochrome,,mono/guest,mono.org,23,,http://www.mono.org,"London, , UK",,"Monochrome"
Monterey BBS,,Apply,montereybbs.com,,22,,"Santa Clara, CA, USA",,"Daydream"
Montreal Greek Times BBS,,Desired Handle,bbs.greektimes.ca,,,,"Nurnberg, , Germany",,"Mystic"
Moon Base Alpha (TWGS),,Desired Handle,mba.dnsalias.com,2002,,,"Kirkland, WA, USA",,"TWGS"
Moon Base Alpha (VADV),Lee Wilson,NEW,mba.dnsalias.com,23,,,"King County, WA, United States of America",,"Virtual Advanced"
MorningSide Mortuary,Endyr,NEW,mortuary.ddns.net,,,,"Hilo, HI, USA",,"Worldgroup"
Mousenet,,Real Name,bbs-mousenet.dynip.online,8889,,,"Eschenburg, , Germany",,"BBS Express Pro"
Mouth of Hell BBS,,NEW,mouthofhell.duckdns.org,,,,"Montreal, QC, Canada",,"Synchronet"
Mozy's Swamp and Red Dwarf BBS,Nozy,,bbs.mozysswamp.org,23,,http://bbsweb.mozysswamp.org,"Melbourne , VIC, Australia",,"Synchronet"
Mozy's Swamp and Red Dwarf TWGS,,Desired Handle,bbs.mozysswamp.org,24,,,"Melbourne, VIC, Australia",,"TWGS"
MSmac BBS,,NEW,msmacbbs.maletazul.pt,,,,"Falkenstein, , Germany",,"Synchronet"
MtlGeek (Synchronet),Ennev,NEW,mtlgeek.synchro.net,23,,http://mtlgeek.com,"Montreal, QC, Canada",,"Synchronet"
MtlGeek (TWGS),,Enter,mtlgeek.synchro.net,2002,,,"Montreal, QC, Canada",,"TWGS"
Muinet,Mark Peterson,muinet / muinet,muinet.com,2323,2233,http://muinet.com,"Minnetonka, MN, USA",,"Custom"
MULTINUBE-BBS,,NEW,multinube.net,,,,"Kansas City, MO, USA",,"Synchronet"
Murphy BBS,,Desired Handle,94.32.85.38,2023,,,"Piedmont, , Italy",,"Maximus"
Music Station,Alexey Fayans,Real Name,home.bsrealm.net,23,,http://bbs.bsrealm.net,"Saint Petersburg, , Russia",,"Tornado"
Mutiny BBS (1),Divarin,,mutinybbs.com,2332,2232,http://mutinybbs.com,"Cleveland, OH, USA",,"Synchronet"
Mutiny BBS (2),,NEW,mutiny.cigdangle.com,65023,,,"Madison, WI, USA",,"MajorBBS"
Mutiny Community,Divarin,,mutinybbs.com,2300,,http://mutinybbs.com,"Cleveland, OH, USA",,"Custom"
MV2K BBS,,Desired Handle,mv2k.com,,,,"Nurnberg, , Germany",,"Mystic"
My Retro Computer,,NEW,myretrocomp.com,,,,"Richardson, TX, USA",,"Synchronet"
Myndgame BBS,,NEW,bbs.themyndgame.com,,,,"Mesquite Creek, AZ, USA",,"Synchronet"
Mysmth BBS,,new,bbs.mysmth.net,,,,"Beijing, , China",,"Custom"
Mysteria Majicka BBS,,NEW,majicka.at2k.org,1955,,,"West Barnstable, MA, USA",,"Virtual Advanced"
Mystic Hobbies,,Desired Handle,mystic-hobbies.com,,,,"Ruskin, FL, USA",,"Mystic"
Mystic Realms,,Desired Handle,mysticrealms.ddns.net,11000,,,"Woodstock, ON, Canada",,"Mystic"
Mystic Rhythms BBS,Rushfan,NEW,mystic.wwivbbs.org,23,,,"Mountain View, CA, USA",,"WWIV"
Mystical Realm BBS,,NEW,mysticalrealmbbs.com,,,,"Casas Adobes, AZ, USA",,"Synchronet"
Mythical Kingdom Tech BBS,,NEW,ice.lilacway.com,3000,,,"Dayton, OH, USA",,"Custom"
Mythical Kingdom Tech SBBS,,NEW,bbs.mythicalkingdom.com,5023,,,"Dayton, OH, USA",,"Synchronet"
Mythology BBS,,Desired Handle,143.103.124.204,6984,,,"Dothan, AL, USA",,"Mystic"
Nachos BBS,Voltron,NEW,nachosbbs.com,,,,"Tujunga, CA, USA",858-4-NACHOS (858-462-2467),"Synchronet"
Nanyang Inn,,new,bbs.nykz.net,,,,"Shanghai, , China",,"Firebird"
NE BBS,Erik E,new,nebbs.servehttp.com,9223,,http://eriks.servehttp.com/projects/ne/perl/ne_bbs/,"Long Island, NY, USA",,"Custom"
NerdRage BBS,bobdobbs,Desired Handle,nerdragebbs.ddns.net,,,,"St. Thomas, ON, Canada",,"Mystic"
Nervous Hospital,,NEW,thenervoushospital.com,1996,,,"Leeds, AL, USA",,"Worldgroup"
Nest BBS,,NEW,188.81.201.94,2323,,,"Viseu, , Portugal",,"Synchronet"
Netpoint BBS,,Desired Handle,netpoint.webhop.me,,,,"Milan, , Italy",,"Mystic"
Netpoint TWGS,,Desired Handle,netpoint.webhop.me,2002,,,"Milan, , Italy",,"TWGS"
Nettwerked BBS,,NEW,nettwerked.synchronetbbs.org,,,,"Ashburn, VA, USA",,"Synchronet"
Never Never Land BBS,Rainman,Desired Handle,neverneverlandbbs.com,2323,1322,,"Toledo, OH, USA",567-304-4098,"Mystic"
New World of the Internet,,new,209.141.35.127,,,,"Las Vegas, NV, USA",,"Sun of Beach"
News BBS,,Desired Handle,bbs.dosnetz.de,3232,2222,,"Ludwigsburg, , Germany",,"Mystic"
Newton City,,NEW,bbs.newtoncity.org,,,,"Fremont, CA, USA",,"Synchronet"
Nexus BBS,,NEW,nexus.aefinity.io,,,,"Cannock, , England",,"Synchronet"
Night Owl BBS,Brian Martin,,nightowlbbs.ddns.net,6400,,http://stardot.org.uk/forums/viewtopic.php?p=421919#p421919,"Glasgow , , Scotland",,"Premiere BBS"
Nightbite BBS,strahinja bojovic,,nightbite.redirectme.net,2323,,,"Novi Sad, , Serbia",,"AmiExpress"
Nikom BBS,,,bbs.nikom.org,2323,,,"Santa Clara, CA, USA",,"Custom"
Nimbus BBS,,NEW,nimbus.synchronetbbs.org,,,,"Fremont, CA, USA",,"Synchronet"
Nine Worlds BBS,Askur Odinson,Desired Handle,thenineworlds.dnshome.de,923,,,"Stuttgart, , Germany",,"Mystic"
Nite Eyes BBS,,NEW,bbs.lizardmaster.com,23,,,"Portland, OR, USA",,"Synchronet"
NiteLite BBS,SouthernAmis,,nitelite.ddns.net,9000,,http://southernamis.com,"Capo, CA, USA",,"Atari"
No Carrier BBS,,NEW,bbs.wehack.net,,,,"Chatsworth, CA, USA",,"MajorBBS"
No Signal BBS,,Desired Handle,217.154.107.144,,,,"Madrid, , Spain",,"Mystic"
Noise Forest BBS,Matt Jurcich,NEW,tnf.invisik.net,23,,,"Minneapolis, MN, USA",,"MajorBBS"
Noisebridge BBS,,Apply,noisebridgebbs.com,8888,,,"Santa Clara, CA, USA",,"Enigma 1/2"
Non-Existant BBS,,NEW,174.24.70.35,,,,"Colorado Springs, CO, USA",,"Maximus"
Northern Palace,,new,thenorthernpalace.com,2020,,,"Copenhagen, , Denmark",,"AmiExpress"
NostalMania,,NEW,nostalmania.com,,,,"Dublin, , Ireland",,"Synchronet"
Nottingham BBS,Richard Bagshaw,New,nottinghambbs.com,2323,2222,http://nottinghambbs.com,"Nottingham, , England",,"Synchronet"
Noverdu,DrClaw,Desired Handle,noverdu.com,,22,,"South St. Paul, MN, USA",,"Mystic"
NoWhere TWGS,,Desired Handle,joestavern.ddns.net,2002,,,"Fort Wayne, IN, USA",,"TWGS"
Nuage BBS Computer System,,Desired Handle,bbs.nuageinfo.com,,,,"Montreal, QC, Canada",,"Mystic"
Nuclear Club,,NEW,nuke.club,513,,,"Fremont, CA, USA",,"Synchronet"
Nullhop BBS,,Apply,bbs.nullhop.com,8888,,,"Houston, TX, USA",,"Enigma 1/2"
Nut Asylum (Mystic),,Desired Handle,xtcbox.org,2323,,,"Brooklyn, NY, USA",,"Mystic"
Nut Asylum (Wildcat),,Real Name,xtcbox.org,,,,"Brooklyn, NY, USA",,"Wildcat"
Oasis BBS,Joe Dorn,,oasisbbs.hopto.org,6400,,,"Chesapeake, VA, USA",,"Color 64"
Off The Wall,,NEW,offthewall.dmxrob.net,,,,"Phoenix, AZ, USA",,"WWIV"
Oiran Alien Museum,,new,libido.cx,,,,"Tokyo, , Japan",,"Custom"
Old Highland Borg,,NEW,ohb.synchronetbbs.org,,,,"Atlanta, GA, USA",,"Synchronet"
Old Time BBS,,Desired Handle,oldtimebbs.com,,,,"Rochester, NY, USA",,"Mystic"
Old Time's Sake BBS,konc,Real Name,otsbbs.ddns.net,2323,,http://otsbbs.eu,"Athens, , Greece",,"RemoteAccess"
Oldest Future Object,,new,ofo.tw,,,,"Taipei, , Taiwan",,"Sun of Beach"
OmegaMUD BBS,,NEW,ptrshare.com,2301,,,"Gurley, AL, USA",,"Renegade"
Onix BBS,Jeffrey Miller,NEW,onixbbs.servebbs.com,2525,,http://onix.org,"Philadelphia, PA, USA",,"MajorBBS"
Operation Ivy BBS,David Sachs,Desired Handle,opivy-bbs.com,,,,"Delmar, DE, USA",,"Mystic"
Optical Illusion BBS,,NEW,optical.c64bbs.nu,64128,,,"Puyallup, WA, USA",,"C-Base"
OPTO 22 BBS,,Real Name,bbs.opto22.com,,,,"Temecula, CA, USA",,"Wildcat"
Orchestra BBS,,NEW,sacrebase.mywire.org,486,,,"Fort Worth, TX, USA",,"Virtual Advanced"
Oshaboy BBS,,Desired Handle,top-swadba.de,2323,,,"Frankfurt am Main, , Germany",,"Mystic"
Outer Limits,The Phantom Lord,NEW,outerlimitsbbs.duckdns.org,23,,,"Madison, AL, USA",,"Mystic"
Outer Wall,Kurisu Yamato,,outerwall.net,23,22,http://outerwall.net,"Memphis, TN, USA",,"Citadel"
Outpost 9 (BBS),Veeb0rg,NEW,bbs.outpost9.co,2023,,http://outpost9.co,"Glen Burnie, MD, USA",443-332-8301,"WWIV"
Outpost BBS,digimaus,bbs,bbs.outpostbbs.net,,,http://outpostbbs.net,"Johnson City, TN, USA",,"MBSE"
Outta Control Hackers TWGS,,Desired Handle,76.242.166.61,2002,,,"Sanford, FL, USA",,"TWGS"
Outta Control MajorBBS,,NEW,76.242.166.61,,,,"Sanford, FL, USA",,"MajorBBS"
Outwest BBS,Denn Gray,NEW,outwest.synchro.net,23,,http://outwest.synchro.net,"Clearfield, UT, USA",,"Synchronet"
Over The Brink,,Real Name,69.201.1.134,,,,"Grand Island, NY, USA",,"Wildcat"
Overfit,,NEW,overfit.retrievo.xyz,8023,,,"Clifton, NJ, USA",,"Synchronet"
P.U.L.S.E. BBS World HQ,P.U.L.S.E.,Desired Handle or Guest / Guest to browse.,pulsebbs.hopto.org,1984,,http://pulsebbs.hopto.org,"Melbourne, Victoria, Australia",,"Mystic"
Paladium BBS,Ranger,Real Name,paladium.servebbs.com,20,,http://paladium.servebbs.com:89,"Merrill, WI, USA",,"Wildcat"
Palantir BBS,Gamgee,NEW,palantirbbs.ddns.net,23,,,"Pensacola, FL, USA",,"Synchronet"
PapiChulo's MajorBBS,,NEW,75.31.92.35,,,,"Smyrna, GA, USA",,"MajorBBS"
Paradox BBS (1),,NEW,paradoxbbs.synchronetbbs.org,513,,,"Houston, TX, USA",,"Synchronet"
Parasite,,Real Name,www.kimmoviitanen.fi,2323,,,"Helsinki, , Finland",,"BBBS"
Part-Time BBS,John Polka,new,ptbbs.ddns.net,8000,,http://ptbbs.ddns.net:7000/pt.html,"Portland, OR, USA",,"BBS Express Pro"
Particles! BBS,icbrkr,New,particlesbbs.dyndns.org,6400,,http://www.particles.org,"Bentonville, AR, USA",479-553-8122,"Centipede 128 BBS"
Party Bowl BBS,Michael Z,NEW,partybowlbbs.ddns.net,2323,,,"Cleveland, OH, USA",440-318-1575,"Synchronet"
Path Unknown BBS,,NEW,pathunknown.net,,,,"Boston, MA, USA",,"Synchronet"
Pebkac.lol,,NEW,pebkac.lol,,,,"Moses Lake, WA, USA",,"Synchronet"
Penalty Box BBS,BlaZZZe,NEW,thepenaltybox.org,23,,http://thepenaltybox.org,"Peoria, IL, USA",,"MajorBBS"
Pepzi BBS,,NEW,pepzi.eu,23,,,"Gothenburg, , Sweden",,"Synchronet"
Performance Leasing Systems,,Real Name,97.76.12.194,23,,,"Ellenton, FL, USA",,"Wildcat"
Pesto BBS,,NEW,bbs.pewp.us,,,,"Morris Plains, NJ, USA",,"Synchronet"
Petit Caillou BBS,,new,bbs.jayscafe.net,6402,,,"Houma, LA, USA",,"Image BBS"
Phantasm,Phantasm,,phantasm.bbs.io,4489,,,"UK, UK, UK",,"AmiExpress"
Phantom BBS,Anthony Bonante,Desired Handle,bbs.phantombbs.info,2323,,http://phantombbs.info,"White Oak, PA, USA",,"Mystic"
Pharcyde BBS,,NEW,bbs.pharcyde.org,23,,,"Pewaukee, WI, USA",,"Synchronet"
Phaseshift,,NEW,phased.port0.org,2323,,,"Coquitlam, BC, Canada",,"Worldgroup"
Phoenix BBS,AJLeary,bbs,phoenix.bnbbbs.net,23,22,http://phoenix.bnbbbs.net,"Groton, CT, USA",860-446-6118,"MBSE"
Phospher BBS,,NEW,bbs.phospher.com,,,,"Fremont, CA, USA",,"Synchronet"
PhreakNet,InterLinked,NEW,bbs.phreaknet.org,23,22,http://bbs.phreaknet.org,"Philadelphia, PA, USA",231-0980 PhreakNet (https://portal.phreaknet.org/directory),"Lightweight BBS"
PipeLine BBS,,NEW,bbs.wantit.net,,,,"Commerce City, CO, USA",,"Synchronet"
Piranha BBS,Hawk Hubbard,Desired Handle,blackflag.acid.org,27,,,"Hudson, FL, USA",,"Mystic"
Pirate's Cove TWGS,,Desired Handle,38.188.130.43,,,,"Surprise, AZ, USA",,"TWGS"
Pixelgrounds BBS (Enigma 1/2),,Apply,bbs.pixelgrounds.net,8888,,,"Lake Jackson, TX, USA",,"Enigma 1/2"
Pixelgrounds BBS (Worldgroup),Melvin Wallace,NEW,bbs.pixelgrounds.net,8887,,,"Lake Jackson, TX, USA",,"Worldgroup"
Pixelheim,,NEW,203.84.229.201,,,,"Auckland, , New Zealand",,"Worldgroup"
Plasma Sphere BBS,,new,84.92.196.99,,,,"Manchester, , England",,"ArmBBS"
Play LORD,,Desired Handle,playlord.org,,,,"Trenton, NJ, USA",,"Mystic"
PlayMajorMUD.com,Mark Laudenbach,NEW,playmajormud.com,,,http://playmajormud.com,"Elk Grove Village, IL, USA",,"MajorBBS"
PlayPen BBS,Steve Hartsock,NEW,playpenbbs.com,23,,http://www.playpenbbs.com,"Smyrna, DE, USA",,"MajorBBS"
PMF BBS,Ivano Venerandi,NEW,bbs.venerandi.it,,,http://www.pamafa.it,"Nuremberg, , Germany",,"Synchronet"
Poignant Beacon (Pharos BBS),,guest,bbs.pharos.rocks,,,,"Tokyo, , Japan",,"HBBS"
Port of Call BBS (Image),,new,pocbbs.duckdns.org,6400,,,"Port Charlotte, FL, USA",,"Image BBS"
Port of Call BBS (Renegade),,NEW,pocbbs.duckdns.org,,,,"Port Charlotte, FL, USA",,"Renegade"
Port of Call BBS (Synchronet),,NEW,pocbbs.duckdns.org,2323,,,"Port Charlotte, FL, USA",,"Synchronet"
Power BBS,,new,bbs.powerbbs.com,,,,"McClean, VA, USA",,"PowerBBS"
Pro-Kegs,ksherlock,,proline.ksherlock.com,6523,,,"St Cloud, , USA",,"ProLine"
Project Luminiferous Aether,,NEW,luminiferousaether.tel,,,,"Santa Clara, CA, USA",,"Synchronet"
Protoweb BBS,,NEW,45.79.37.227,,,,"Dallas, TX, USA",,"Synchronet"
Proud Pirates Cove,,NEW,ppc.synchro.net,,,,"Lake Station, IN, USA",,"Synchronet"
PSC BBS,Andrew Felchman,NEW,psc.servebeer.com,6870,,,"Le Roy, NY, USA",,"Apple II"
Psycho Ward,Daniel Johnston,Press Return,bbs.8yo.biz,5150,,,"Simi Valley, CA, USA",,"Phorem XE"
Public Electronic Networked Information System,Joe Phigan,NEW,penisys.online,6502,6522,,"Mesa, AZ, USA",,"WWIV"
Pweck's Retreat,Dean Lodge,,bbs.pwecksretreat.com,2332,,http://pwecksretreat.infinityfree.me,"Omaha, NE, USA",,"Mystic"
QL Dump,,NEW,001english-eu.no-ip.biz,,,,"Fenstanton, , England",,"Synchronet"
Quantum Rift,,NEW,bbs.virtualoak.net,,,,"Aurora, CO, USA",,"Synchronet"
Quantum Wormhole,MeaTLoTioN,Desired Handle,bbs.erb.pw,23,45022,http://www.erb.pw,"Ramsgate, Kent, UK",,"Mystic"
Quazar BBS Door Game Server,Gary Crunk,NEW,quazarbbs.dynu.net,2523,,,"Eloy, AZ, USA",,"GameSrv"
Quest for Zen,,NEW,96.231.233.46,,,,"Laurel, MD, USA",,"Worldgroup"
Quest TWGS,,Desired Handle,thequesttwgs.game-host.org,,,,"Holland, MI, USA",,"TWGS"
Radio Freaks & Geeks,mobbyg,Desired Handle,radiostream.amigaz.org,2323,,,"Troy, NY, USA",,"Mystic"
Ragnarok's BBS,,Desired Handle,186.189.236.69,23021,,,"Buenos Aires, , Argentina",,"Mystic"
Raiders Inc. BBS,,Desired Handle,raidersbbs.zapto.org,1337,,,"Maryville, TN, USA",,"Mystic"
Ralser Lab BBS & BBSradio,Mark Ralfer,Apply,euklid.ddns.net,5745,5746,http://ralser.group,"Berlin, , Germany",,"Enigma 1/2"
RapidFire,,,rapidfire.hopto.org,64128,,,"Flensburg, , Germany",,"C-Base"
RasterOps BBS,,Desired Handle,95.217.22.142,2323,,,"Helsinki, , Finland",,"Mystic"
Rats Den BBS,,NEW,bbs.catracing.org,6400,,,"Seoul, , South Korea",,"CNet Pro"
Raven of the Storm,,NEW,50.20.127.213,,,,"Chandler, AZ, USA",,"Synchronet"
Raveolution,,NEW,raveolution.hopto.org,64128,,,"Wuppertal, , Germany",,"C-Base"
Rayzer's BBS,,Desired Handle,mail.hohimer.org,1336,,,"St. Louis, MO, USA",,"Mystic"
RayzerNET BBS,,Desired Handle,connect.rayzer.net,2112,,,"Russellville, KY, USA",,"Mystic"
Razzpie BBS,Denn Gray,guest,razzpie.ddns.net,2300,,,"Clearfield, UT, USA",,"Mystic"
RBB Systems Int'l,koivula,Real Name,rbb.fidonet.fi,32,,http://rbb.bbs.fi,"Lake Ylo, , Finland",,"Concord"
RC-BOX,lodger,,rc2014.ddns.net,2014,,http://https://commfud.ufud.org/projekte-2/rc-box-the-rc2014-based-bulletin-board,"Duesseldorf, NRW, Germany",,"RBBS"
Realitycheck BBS,Kurt Weiske,NEW,realitycheckbbs.org,23,,http://realitycheckbbs.org,"San Francisco, CA, USA",,"Synchronet"
Realm BBS,,NEW,therealm.synchro.net,,,,"Calgary, AB, Canada",,"Synchronet"
Realm of Darkness,,Real Name,bbs.trod.org,,,http://www.trod.org,"Phoenix, AZ, USA",,"MBSE"
Realm of Serion,Booch,NEW,connect.serionbbs.com,23,,http://serionbbs.com,"Cloquet, MN, USA",,"Synchronet"
Realm of the Wizard's Lair,,NEW,bbs.b-wells.us,,,,"Houston, TX, USA",,"Synchronet"
Red Ghost BBS,,NEW,87.106.7.15,,,,"Frankfurt am Main, , Germany",,"Synchronet"
Region 15 HQ,,Desired Handle,region15.net,,,,"Maryville, TN, USA",,"Mystic"
Reid BBS,,Desired Handle,192.227.222.151,6400,,,"Buffalo, NY, USA",,"Mystic"
Reign of Fire,Spitfire,New,call.rofbbs.com,6800,,http://www.rofbbs.com,"Chattanooga, TN, USA",423-541-8271,"C-Net"
Reign of Fire II,Spitfire,New,call.rofbbs.com,6400,,http://www.rofbbs.com,"Chattanooga, TN, USA",,"C-Net"
Reign of Fire III,Spitfire,NEW,call.rofbbs.com,8502,,http://www.rofbbs.com,"Chattanooga, TN, USA",,"C-Net"
Reticulum Ace,,NEW,bbs.acehoss.net,,,,"North Bergen, NJ, USA",,"Synchronet"
Retro Archive,,NEW,bbs.retroarchive.org,,,,"Poulsbo, WA, USA",,"Synchronet"
Retro Running BBS,Cabell Clarke,NEW,retrorunning.ddns.net,8880,,,"Mechanicsville, VA, USA",,"Synchronet"
Retro Unboxers,,Desired Handle,flashbackbbs.sytes.net,6502,,,"Sparti, , Greece",,"Mystic"
Retro16 BBS,,NEW,mail.drf-solutions.net,,,,"Melbourne, VIC, Australia",,"Mystic"
Retro32 BBS,,Desired Handle,bbs.retro32.com,1337,,,"London, , England",,"Mystic"
Retroaktiv BBS,,Desired Handle,retr0aktiv.com,,,,"Greensboro, NC, USA",,"Mystic"
RetroBoard BBS,CalvusRex,NEW,bbs.retroboardbbs.com,2323,,http://retroboardbbs.com,"Topeka, KS, USA",,"WWIV"
Retroconnect,,NEW,retroconnect.org,,,,"Cleveland, TN, USA",,"Synchronet"
RetroDigital BBS,,NEW,rdnetbbs.com,,,,"Calgary, AB, Canada",,"Synchronet"
Retrogaming Activities,,Desired Handle,react-bbs.nikoh.it,2323,,,"Pescara, , Italy",,"Mystic"
Retrograde BBS,,NEW,rtg.dyndns.biz,6428,,,"Lakeland, FL, USA",,"Image BBS"
Retrograde II BBS,X-Tec,,cib.dyndns.org,6404,,,"Lakeland, FL, USA",,"Image BBS"
RetroLair BBS,,new,retrolair.amigaretro.net,6800,,,"Edmonton, AB, Canada",,"C-Net"
RetroNet Neo,,NEW,retronetneo.synchronetbbs.org,,,,"Fremont, CA, USA",,"Synchronet"
Reverse Polarity,,NEW,revpol.lovelybits.org,1337,,,"Seattle, WA, USA",,"Synchronet"
Revertive Pulse,,NEW,revertivepulse.net,,,,"Memphis, TN, USA",,"Synchronet"
Ricks BBS,ricky sutphin,,ricksbbs.synchro.net,23,,http://ricksbbs.synchro.net:8080,"Madison, NC, USA",,"Synchronet"
Rise N' Shine BBS,,NEW,rns.risenshinebbs.com,,,,"Morristown, NJ, USA",,"Synchronet"
River Styx BBS,Elliot Adams,NEW,riverstyx.ddns.net,2323,2222,,"St Louis, MO, USA",,"Mystic"
RMSBBS,,NEW,linuxdoc.no-ip.org,23,,,"Natal, , Brazil",,"Synchronet"
Rock BBS III,Stizzed,login,therockbbs.net,10023,,,"Goshen, IN, USA",,"Mystic"
Roon's BBS,Daniel Path,,bbs.roonsbbs.hu,1212,,http://bbs.roonsbbs.hu,"Budapest, , Hungary",,"Maximus"
RougeGroup TWGS,,Desired Handle,bbs.maidensrealm.com,2002,,,"Phoenix, AZ, USA",,"TWGS"
RougeNet BBS,,Apply,bbs.roguenet.work,8888,,,"Peabody, MA, USA",,"Enigma 1/2"
Roughneck BBS,,NEW,host.roughneckbbs.com,,,,"Phoenix, AZ, USA",,"Synchronet"
Rougue BBS (Chinese),,new,35.201.128.35,,,,"Taipei, , Taiwan",,"Champion"
Rusty Mailbox,Al,,trmb.ca,2030,,http://trmb.ca,"Penticton, BC, Canada",,"BBBS"
SA Vintage Computer Community BBS,,NEW,bbs.vcgsa.co.za,,,,"Pinetown, , South Africa",,"Synchronet"
Sanctuary BBS,sandman,,sanctuary.zapto.org,1541,,http://www.brysk.se/sanctuary/,"Gothenburg, , Sweden",,"AmiExpress"
Sanctum II BBS (1),,new,sanctumbbs.com,23,,,"Coachella Valley, CA, USA",,"Mystic"
Sanctum II BBS (2),,new,sanctumbbs.com,6502,,,"Coachella Valley, CA, USA",,"GBBS Pro"
Sandnes BBS,Firestone,new,stokmarknes.org,24,,,"Stokmarknes, , Norway",,"ABBS"
Sands of Time,,,162.243.54.214,23,,,"New York, NY, USA",,"Custom"
Santronics R&D Beta Site,,Real Name,3.132.92.116,24,,,"Columbus, OH, USA",,"Wildcat"
Santronics Software,,Real Name,online.winserver.com,24,,http://www.winserver.com,"Homestead, FL, USA",,"Wildcat"
Saturn 5,,NEW,bbs.saturn5bbs.com,,,http://saturn5bbs.com,"Melbourne, FL, USA",,"MajorBBS"
SBB Systems,,NEW,bbs.sbbsystems.com,8888,,,"London, , England",,"Enigma 1/2"
SBDS,,NEW,bbs.sbdsdev.com,,,,"Los Angeles, CA, USA",,"Synchronet"
Scene List (1),,new,scenelist.org,,,,"The Hague, , The Netherlands",,"Daydream"
Scene List (2),,new,87.212.201.57,4000,,,"Amsterdam, , The Netherlands",,"Daydream"
Scooby's Doo BBS,,NEW,scoobysdoo.ddns.net,2023,,,"Canonsburg, PA, USA",,"ProBoard"
Scottnet BBS,,NEW,99.184.243.231,,,,"Livonia, MI, USA",,"Synchronet"
Scratched Reality,,NEW,reality.throwbackbbs.com,2323,,,"Meriden, CT, USA",,"Telegard"
SD2IEC Test BBS,X-Tec,,cib.dyndns.org,6403,,,"Lakeland, FL, USA",,"Image BBS"
SDF-1 BBS,,Desired Handle,bbs.sdf1.net,5023,,,"Santa Clara, CA, USA",,"Mystic"
Sea Breeze Gaming Network (TWGS),,Desired Handle,seabreeze.servegame.com,2002,,,"Biddeford, ME, USA",,"TWGS"
Sea Breeze Gaming Network (Worldgroup),Jamie,,seabreeze.servegame.com,23,,http://www.seabreezegn.com,"Biddeford, ME, USA",,"Worldgroup"
Sea of Fantasy,,NEW,seaoffantasy.synchronetbbs.org,,,,"Fremont, CA, USA",,"Synchronet"
Seattle BBS (Chinese),,new,seattle.tw,,,,"Taipei, , Taiwan",,"MapleBBS"
Section 31 TWGS,,Desired Handle,sector31.lorfinglab.com,2002,,,"Houston, TX, USA",,"TWGS"
Shadow BBS,,new,shadowbbs.com,,,,"Glendale Heights, IL, USA",,"DOC"
ShadoWorks BBS,,NEW,bbs.shadoworks.net,,,,"Baltimore, MD, USA",,"Synchronet"
Shadowscope,Richard Miles,NEW,shadowscope.noip.us,23,,,"Temple, GA, USA",,"Mystic"
ShadowThrone,,new,141.0.110.62,2323,,,"Bergen, , Norway",,"BBBS"
Shell Matrix,Raul Bulao,,107.173.85.173,2223,,,"Meadow Lake, SK, Canada",,"Custom"
Shenk's Express,,NEW,shenksxp.dyndns.org,23,,,"Virginia Beach, VA, USA",,"Synchronet"
Shift-Bits BBS,Stacy Caudle,NEW,bbs.shift-bits.com,2000,,http://bbs.shift-bits.com,"Gastonia, NC, USA",,"Renegade"
Shipwrecks & Shibboleths,,Desired Handle,shibboleths.org,800,,,"Marana, AZ, USA",,"Mystic"
Shodan's Core,Android8675,NEW,shodanscore.com,8086,,,"Seaside, CA, USA",,"Synchronet"
Shurato's Heavenly Sphere,martin-kazmaier,,shsbbs.net,23,22,http://shsbbs.net,"Boise, ID, USA",,"EleBBS"
Sidir's BBS,,NEW,www.sirdir.ch,8888,,,"Lauterbourg, , France",,"Enigma 1/2"
Silent Node BBS,finglonger,Apply,silentnode.ddns.net,6400,,,"Kelowna, BC, Canada",,"Excelsior!"
Silfen Path BBS,Petar Smilajkov,Desired Handle,bbs.silfenpath.com,23,22,,"Columbus, OH, USA",,"Mystic"
SiliconUnderground,Massacre,NEW,siliconu.com,23,,http://www.siliconunderground.com,"Rochester, NY, USA",,"ProBoard"
Sinclair Retro BBS,Outsoft,,retrobbs.sinclair.homepc.it,23,,http://sinclairql.wordpress.com,"San Giorgio di Mantova, , Italy",,"Mystic"
Sinner's Heaven,,Desired Handle,207.246.74.70,,,,"Tampa, FL, USA",,"Mystic"
Skara Brea,,new,80.7.90.17,31337,,,"York, , England",,"AmiExpress"
SKO BBS,,NEW,134.185.84.52,2323,,,"Kampong Loyang, , Singapore",,"Synchronet"
Skynet BBS (1),,NEW,47.25.173.251,,,,"Okanogan, WA, USA",,"Worldgroup"
Slackers BBS,gngrdr3dm4n,Desired Handle,slackers.ovh,2323,2222,http://slackers.ovh,", , Canada",,"Mystic"
Slasher BBS,,NEW,162.118.68.104,,,,"North Carrollton, MS, USA",,"ProBoard"
Slime City BBS,retrohack,NEW,bbs.retrohack.se,23,,,"Ahus, , Sweden",,"Mystic"
SlipStream BBS,,NEW,slipstreambbs.net,,,,"Dallas, TX, USA",,"Synchronet"
Slumberland,,Initials,96.126.102.14,,,,"Seattle, WA, USA",,"Citadel"
Snacks BBS,,NEW,bbs.photik.org,,,,"Auckland, , New Zealand",,"Synchronet"
Snobsoft BBS,,,snobsoft.de,6401,,,"Rapid City, MI, USA",,"commodore"
Soft Solutions,,NEW,bbs.softsolutions.net.br,2023,,,"Sao Pedro, , Brazil",,"Synchronet"
Solarflow BBS,,NEW,solarflow.dynu.net,23,,,"Hayward, CA, USA",,"IBBS"
Sorcerors Isle,,NEW,96.231.233.53,,,,"Laurel, MD, USA",,"Worldgroup"
Sotano MSX BBS,x1pepe,Desired Handle,sotanomsxbbs.org,23,,,"Ibiza, , Spain",,"Mystic"
Sounds of Silence BBS,Khan,NEW,sos-bbs.net,,,http://sos-bbs.net,"Rancho Cucamonga, CA, USA",,"MajorBBS, Worldgroup"
South Central,Carl Söderstjerna,,southcentral.se,1023,,http://www.southcentral.se,"Klippan, , Sweden",,"Max BBS"
SouthEast Star,wkitty42,,sestar.synchro.net,23,,http://sestar.synchro.net,"Sanford, NC, USA",,"Synchronet"
Southern Amis,SouthernAmis,Real Name,southernamis.ddns.net,23,,http://southernamis.com,"Southern, CA, USA",,"Atari"
Spacemyte BBS,,NEW,34.162.43.84,,,,"Columbus, OH, USA",,"Synchronet"
Spark Beer BBS,,Apply,bbs.spark.beer,,,,"Ottawa, ON, Canada",,"Enigma 1/2"
Sparx BBS,,,sparx.bbs.io,,,,"Oxford, , England",,"Custom"
Spectrum Next BBS,,Desired Handle,bbs.zxnext.uk,2323,,,"Lelystad, , The Netherlands",,"Mystic"
Spectrum Syntax,,NEW,tactic.emindtek.com,,,,"Montreal, QC, Canada",,"Synchronet"
Splatter Haus,nolageek,Desired Handle,splatter.haus,666,,,"Temple Hills, MD, USA",,"Mystic"
Sprawl BBS,,Desired Handle,202.61.251.17,,,,"Klagenfurt am Woerthersee, , Austria",,"Mystic"
Star Collision BBS,Björn Wiberg,,scbbs.nsupdate.info,61023,61022,http://scbbs.nsupdate.info,"Uppsala, Uppland, Sweden",,"Mystic"
Star Fleet HQ,,new,bbs.sfhqbbs.org,5983,,,"Cuyahoga Falls, OH, USA",,"RATSoft"
Star Flight BBS,Joe Piche,Desired Handle,stateoftheark.ca,1990,,,"Calgary, AB, Canada",,"Renegade"
Star Killer's TWGS,,Desired Handle,sk-twgs.com,2002,,,"Charleston, AR, USA",,"TWGS"
Star Mansion Returns,,NEW,66.23.221.29,2323,,,"Reading, PA, USA",,"Synchronet"
Starbase 21,Vector,NEW,bbs.starbase21.net,23,,http://www.starbase21.net,"Lafayette, LA, USA",,"MajorBBS"
Starbase Beta,,NEW,beta.sb-discovery.com,,,,"Maryville, TN, USA",,"Synchronet"
Starbase Discovery,,NEW,sb-discovery.com,,,,"Maryville, TN, USA",,"Synchronet"
StarDoc 134,Andrew Baker,New,bbs.stardoc134.com,2323,,http://bbs.stardoc134.com,"Ann Arbor, MI, USA",810-442-0134,"WWIV"
Starship Junkyard,,NEW,bbs.starshipjunkyard.com,,,,"Brisbane, QLD, Australia",,"Synchronet"
Steven's Hive BBS,,NEW,stevensbbs.stevenshive.xyz,,,,"Portland, OR, USA",,"Synchronet"
Storm BBS,Adept,Desired Handle,telnet.stormbbs.com ,,,http://stormbbs.com,"Münster, NRW, Germany",,"Mystic"
Storm Mountain TWGS,,Desired Handle,storm-mountain.ddns.net,24000,,,"Rancho Cucamonga, CA, USA",,"TWGS"
Stormgate BBS,,NEW,stormgate.synchronetbbs.org,,,,"Fremont, CA, USA",,"Synchronet"
Strange Planet BBS,Bananator,new,strangeplanet.org,6800,,http://strangeplanet.org,"Helsinki, Finland, StrangePlanet",,"CNet"
Street Corner BBS,Fred Tanner,NEW,streetcorner.ddns.net,6400,,,"Madisonville, LA, USA",,"Image BBS"
Strip It To Ride,,Apply,104.142.112.149,9000,,,"Victoria, BC, Canada",,"Enigma 1/2"
Subcarrier BBS,,Desired Handle,subcarrier.ignorelist.com,2323,,,"Nepean, ON, Canada",,"Mystic"
Subhuman,,new,subhuman.ddns.net,1338,,,"Rhyl, , Wales",,"AmiExpress"
Super Dimension Fortress (SDF-1),,new,sdf.org,23,,http://sdf.lonestar.org,"Austin, TX, USA",,"NetBSD"
Support BBS,,NEW,bbs.ddybing.no,1223,,,"Amsterdam, , The Netherlands",,"Synchronet"
Surf Shop BBS (1),,new,ssbbs.ddns.net,6510,,,"Williamston, NC, USA",,"Color 64"
Sursum Corda TWGS,,Desired Handle,sursum-corda.com,2002,,,"Huntsville, AL, USA",,"TWGS"
Sursum Corda! BBS,MarcL,,sursum-corda.com,23,,,"Huntsville, AL, USA",256-895-4786,"Maximus"
Swap BBS,,NEW,dose.0wnz.at,,,,"Vienna, , Austria",,"Synchronet"
SWATS BBS,stephen-hunt,Desired Handle,swatsbbs.ddns.net,2323,,,"Auckland, , New Zealand",,"Mystic"
Swedish User Group Of Amiga,,new,suga.se,42512,,,"Akersberga, , Sweden",,"NiKom"
Swifty BBS,Michael Beaveridge,Desired Handle,bbs.swiftycode.ca,2323,77,,"Calgary, AB, Canada",,"Custom"
SwissIRC BBS,,Desired Handle,bbs.swissirc.net,,,,"Aarau, , Switzerland",,"Mystic"
Swords Of Chaos Forever BBS,,NEW,bbs.soc4ever.com,,,,"St. Louis, MO, USA",,"Worldgroup"
Synchronix,,NEW,nix.synchro.net,,,,"Grand Rapids, MI, USA",,"Synchronet"
Synerchat,,NEW,synerchat.com,,,,"Phoenix, AZ, USA",,"Worldgroup"
Sysop Solaris Dot Com (Menu),Solaris,Select,sysopsolaris.ddns.net,2323,,,"Perrysburg, OH, USA",,"Mystic"
System One BBS,HomieLive,NEW,cib.dyndns.org,6491,,,"Lakeland, FL, US",,"Image BBS"
T0kerz Hut,Rusty Stevens,NEW,t0kerZ.ddns.net,,,,"Toronto, ON, Canada",,"Synchronet"
Taco Pronto,Joe Phigan,,tacopronto.bbs.io,23,2022,,"Mesa, AZ, USA",,"Synchronet"
TARDIS BBS,,NEW,bbs.cortex-media.info,,,,"Exmouth, , England",,"Quarkware"
Tassie Bob BBS,,Desired Handle,bbs.tassiebob.com,2323,,,"Brisbane, QLD, Australia",,"Mystic"
Technoanarchy,,,technoanarchy.synchronetbbs.org,23,,,"Fremont, CA, USA",,"Synchronet"
Techrono BBS,,NEW,techrono.synchro.net,,,,"Toronto, ON, Canada",,"Synchronet"
Techware,Lee Green,Real Name,bbs.techware2k.com,23,,http://www.techware2k.com/bbs,"Hollywood, CA, USA",,"Wildcat"
TelBox,,Enter,telbox.net,,,,"North Bergen, NJ, USA",,"Custom"
Telehack,,,telehack.com,23,,http://telehack.com,"Mountain View, CA, USA",,"Telehack"
Telephreak BBS,,new,167.99.232.54,,,,"North Bergen, NJ, USA",,"Custom"
TelnetBible.com,Ricky Bryce,,telnetbible.com,6400,,http://telnetbible.com,"Irving, IL, USA",,"Custom"
Terminal Dusk,,Apply,34.58.40.102,8888,,,"Council Bluffs, IA, USA",,"Enigma 1/2"
Terminal Obsession,lastyle,,terminal-obsession.hopto.org,1541,,,"Cologne, , Germany",,"AmiExpress"
Terminal Tavern,Andrew,,bbs.terminaltavern.com,23,2222,,"Orlando, FL, USA",,"PhotonBBS"
Terra Brasilis,,Desired Handle,tbrasilis.ddns.net,23000,,,"Rio de Janeiro, , Brazil",,"Mystic"
This Old Cabin (English),Björn Sundberg,new,bbs.thisoldcabin.net,6464,,,"Akersberga, , Sweden",,"DLG Professional"
This Old Cabin (Swedish),Björn Sundberg,,bbs.thisoldcabin.net,2323,,http://bbs.thisoldcabin.net,"Visby, Gotland, Sweden",,"DLG Professional"
Thrace BBS,,Desired Handle,bbs.tabakov.net,13023,,,"Plovdiv, , Bulgaria",,"Mystic"
Three Blind Mice,,NEW,threeblindmice.synchronetbbs.org,,,,"London, , England",,"Synchronet"
Throwback BBS,maskreet,Handle/Real Name/Guest account,bbs.throwbackbbs.com,23,,http://www.throwbackbbs.com,"Meriden, CT, USA",,"Mystic"
Thunder BBS,,Desired Handle,149.56.47.118,1023,,,"Salaberry-de-Valleyfield, QC, Canada",,"Mystic"
Thunder-Line BBS,Robert Thornton,NEW,thunder.synchro.net,,22,http://www.thunder.synchro.net:8080,"Tupelo, MS, USA",,"Synchronet"
Thunderbolt BBS,Daryl Stout,NEW,wx4qzbbs.ddnsfree.com,49815,52292,http://tboltbbs.synchro.net,"Little Rock, AR, USA",,"Synchronet"
Tigernet BBS,,new,tigernet.dewindt.us,,,,"Blacksburg, VA, USA",,"YAWC"
Timbernet BBS,,NEW,157.230.136.41,2323,,,"Santa Clara, CA, USA",,"Synchronet"
Time Air BBS,,NEW,clients.renebates.com,,,,"Clifton, NJ, USA",,"Synchronet"
Time Warp BBS,Bucko,NEW,twb.wrgnbr.com,6896,,http://www.wrgnbr.com,"Yorktown Heights, NY, USA",,"Centipede 128 BBS"
Time Warp of Future,,NEW,time.synchro.net,24,,,"Cougar, WA, USA",,"Synchronet"
Timelord BBS,,NEW,teehill.adirondackpc.com,2020,,,"Glens Falls, NY, USA",,"Synchronet"
Tingtao (Chinese),,new,bbs.tingtao.net,,,,"Los Angeles, CA, USA",,"Custom"
Titantic BBS Telnet,T.J. McMillen,NEW,ttb.rgbbs.info,23,,http://www.rgbbs.info,"New Derry, PA, USA",,"Renegade"
Tomato Place,,Apply,bbs.tomato.place,8888,,,"San Diego, CA, USA",,"Enigma 1/2"
Tommy's Holiday Camp,Tommy,Desired Handle,vintage.thcbbs.com,23,,http://thcbbs.com,"Victoria, BC, Canada",,"NanoBBS"
Too Lazy BBS,Errol Casey,NEW,toolazy.synchro.net,2323,22,http://toolazy.synchro.net,"Fayetteville, NC, USA",,"Synchronet"
Too-Spooky,Peter Woollcott,Apply,too-spooky.com,8888,8889,http://too-spooky.com,"Toronto, ON, Canada",,"Enigma 1/2"
Tool Shed,,NEW,toolshed.synchro.net,2323,,,"Zurich, , Switzerland",,"Synchronet"
Toxic Laboratory BBS,Lab Rat,NEW,toxicbbs.com,23,,,"Birmingham, , United Kingdom",,"Synchronet"
TQPS,Frank Dux,NEW,tqps.ddns.net,,,,"Sydney, NSW, Australia",,"Worldgroup"
Trade Wars Academy TWGS,,Desired Handle,tradewarsacademy.com,2002,,,"Dallas, TX, USA",,"TWGS"
Trails End TWGS,,Desired Handle,38.13.105.101,2002,,,"Phoenix, AZ, USA",,"TWGS"
Transfer Interruped BBS,,NEW,news.belchi.org,2323,,,"Murica, , Spain",,"Synchronet"
TrapDoor BBS,Randy Blodgett,NEW,trapdoor.synchro.net,,,,"South Hadley, MA, USA",,"Synchronet"
Tsinghua Univ. (Fengqiao Stn.),,new,bbs.cs.nthu.edu.tw,,,,"Hsinchu, , Taiwan",,"MapleBBS"
Tuneman BBS,,NEW,bbs.tunemanbbs.com,,,,"Cantonment, FL, USA",,"Synchronet"
TuxedoCat Lounge,Bryan Wann,Real Name,bbs.tuxedocatbbs.com,2323,,,"Fremont, CA, USA",341-221-4808 or 844-227-4979,"Wildcat"
TW Lounge BBS,Scott Slater,NEW,bbs.twlounge.net,,22,,"Cranberry Twp. (Pittsburgh), PA, USA",,"Synchronet"
Twilight BBS,,NEW,129.151.218.124,2323,,,"Stockholm, , Sweden",,"WWIV"
Twilight Zone,,Desired Handle,tzone.nxly.org,5000,,,"Anaheim, CA, USA",,"Pueblo"
Twixed BBS,,Desired Handle,twixed.net,62323,,,"Burke, VA, USA",,"Mystic"
Two Girl BBS,,guest,bbs.2girl.net,,,,"Taipei, , Taiwan",,"Custom"
Ultimate BBS,,Apply,bbs.ultimatebbs.net,,,,"Fort Smith, AR, USA",,"Mystic"
Uncensored!,,bbs,uncensored.citadel.org,23,,http://uncensored.citadel.org,"Mt. Kisco, NY, USA",,"Citadel"
Uncomfortable Business,cash stine,NEW,bbs.uncomfortable.business,6423,,http://bbs.uncomfortable.business,"Dallas, TX, USA",,"Telegard"
Undercurrents BBS,,Apply,undercurrents.io,8088,,,"Santa Clara, CA, USA",,"Enigma 1/2"
Underground BBS,r3c0n,Desired Handle,www.theunderground.us,10023,7771,,"Westfield, IN, USA",,"Mystic"
Undermine BBS,,NEW,bbs.undermine.ca,23,,,"Calgary, AB, Canada",,"Synchronet"
Undernet BBS,,Desired Handle,undernet.uy,,,,"Montevideo, , Uruguay",,"Mystic"
Unicyber BBS,rmh,,bbs.unicyber.co.uk,2323,,,"Hitchin, , United Kingdom",,"Synchronet"
Unix Beer BBS,,NEW,vps.unix.beer,,,,"Seattle, WA, USA",,"Synchronet"
Unix-Bit BBS,Xbit Ops,NEW,x-bit.org,1336,1337,http://x-bit.org/info,"Forest Grove, OR, USA",,"Synchronet"
Unknown Realm (Mystic),,Desired Handle,turealm.no-ip.org,3023,,,"Oshawa, ON, Canada",,"Mystic"
Unknown Realm (PCBoard),,NEW,turealm.no-ip.org,2323,,,"Oshawa, ON, Canada",,"PCBoard"
Unleashed BBS,Roy Prokesh,NEW,www.unleashedinet.org,23,,,"Washington, IL, USA",,"Synchronet"
UORealms BBS,Jason Van Horne,NEW,bbs.uorealms.com,,,http://uorealms.com,"Millsboro, DE, USA",,"MajorBBS"
US 99 BBS,,NEW,bbs.quinnnet.org,,,,"Clovis, CA, USA",,"Synchronet"
UserClub BBS,,,userclub-bbs.com,23,,,"Jacksonville, NC, USA",,"Synchronet"
USS Excelsior BBS,Darkman Almighty,,excelsiorbbs.ddns.net,2000,,http://ussexcelsiorbbs.com,"London, ON, Canada",,"Mystic"
Util's Retro BBS,,NEW,retro.setsuid.net,8221,,,"Dallas, TX, USA",,"WWIV"
Uzi Suicide,,NEW,uzisuicide.servebbs.org,23,,,"Fishers Island, NY, USA",,"AmiExpress"
V01d C1ph3r,,NEW,bbs.canerduh.com,23056,,,"Medicine Hat, AB, Canada",,"Synchronet"
V1ntage BBS,,NEW,v1ntagebbs.net,2323,,,"Melbourne, VIC, Australia",,"Synchronet"
Vague BBS,Vague,,vague.ddns.net,23,22,http://vague.ddns.net/Vaguebbs.xjs,"Largo, FL, USA",,"Synchronet"
Valley BBS (1),the_vipah,NEW,valleybbs.com,23,,http://www.valleybbs.com,"Summerland, BC, Canada",,"Synchronet"
Valley BBS (2),,new,valley64.com,6400,,,"Cedar Knolls, NJ, USA",,"C-Base"
Vault BBS,,Desired Handle,thevaultbbs.ddns.net,2323,,,"Buenos Aires, , Argentina",,"Mystic"
Veleno BBS,Krueger,NEW,velenobbs.net,23,,http://www.velenobbs.net,"Rovereto, , Italy",,"Synchronet"
Verify-Nebula,,NEW,185.106.134.54,,,,"London, , England",,"Synchronet"
Vern BBS,,NEW,vern.cc,,,,"Ashburn, VA, USA",,"Synchronet"
Vertrauen,,NEW,vert.synchro.net,23,,http://vert.synchro.net,"Riverside County, CA, USA",,"Synchronet"
Video Game Nirvana,,NEW,173.90.55.126,,,,"Strongsville, OH, USA",,"Synchronet"
Violeti BBS,MW,,violetyggdrasil.live,1144,,http://the-violet-hud.neocities.org,"Locust Grove, VA, USA",,"Mystic"
Viper BBS,,NEW,theviperbbs.ddnsfree.com,,,,"Silver Springs, NV, USA",,"Synchronet"
Viper's Pit TWGS,,Enter,sk-twgs.com,2002,,,"Kansas City, MO, USA",,"TWGS"
VK7HDM's BBS,,Desired Handle,workstation.ddmcomputers.com.au,2323,,,"Sydney, NSW, Australia",,"Mystic"
Vodnet BBS,,NEW,my-workspace.us,6764,,,"Des Moines, IA, USA",,"Synchronet"
VOID BBS,Kyau,NEW,voidbbs.com,23,,http://voidbbs.com,"Seattle, WA, USA",,"Worldgroup"
Void Echo BBS,,NEW,bbs.void-echo.dev,,,,"Kyiv, , Ukraine",,"Synchronet"
Vortex BBS (1),arelas,,vortexbbs.com,,,http://vortexbbs.com,"Clemson, SC, USA",,"Mystic"
Vortex BBS (2),strahinja bojovic,Real Name,vortex.redirectme.net,3777,,,"Novi Sad, , Serbia",,"Wildcat"
W4BFB,MARS,,packet.w4bfb.org,2333,,http://packet.w4bfb.org,"Charlotte, NC, USA",,"BPQ32"
WABAC Machine BBS,,NEW,wabac.ccsnet.com,,,,"Plymouth, MA, USA",,"Worldgroup"
War Ensemble BBS,DaiTengu,NEW,warensemble.com,23,22,http://warensemble.com,"Appleton, WI, USA",920-840-6311 (no answer),"Synchronet"
Wastelands BBS,,Real Name,wastelands-bbs.net,2323,,,"Copperopolis, CA, USA",,"Synchronet"
Wastelands BBS II,,NEW,wastelands-bbs.net,23,,,"Copperopolis, CA, USA",,"Wildcat"
Weather Station BBS,,NEW,bbs.weather-station.org,23,,http://www.weather-station.org,"Bel Air, MD, USA",,"WWIV"
Weed Net,,NEW,weednet.synchronetbbs.org,513,,,"Fremont, CA, USA",,"Synchronet"
Westland BBS,Martien Korenblom,Desired Handle,bbs.korenblom.nl,,22,,"Westland, ZH, The Netherlands",,"Mystic"
Westwood BBS,MIchael Newkirk,,westwoodbbs.net,64738,,,"King George, VA, USA",,"Color 64"
Whisky Lover's Amateur Radio BBS,,NEW,wd1cks.org,23,,,"Lake Forest, CA, USA",,"Synchronet"
Who Dares Wins Amiga BBS,,NEW,whodareswinsbbs.uk,,,,"Rotherham, , England",,"Mystic"
Wildcat's Castle BBS,Wildcat's Castle BBS,Real Name or Alias,bbs.wccastle.net,2424,,http://www.wccastle.net,"Eugene, OR, USA",,"Wildcat"
Willamette Apple Connection (WAC) BBS,neal layton,,wacbbs.ddns.net,6502,,,"Salem, OR, USA",,"Warp Six"
Willow Creek BBS,,new,willowcreekbbs.dynu.net,6400,,,"Carol Stream, IL, USA",,"Color 64"
Wintermute BBS,lodger,BBS,wintermutebbs.ddns.net,23,2222,http://commfud.ufud.org,"Duesseldorf, , Germany",,"MBSE"
Wizard's Castle,Wildcat's Castle BBS,Real Name or Alias,wccastle.synchro.net,24,,http://wccastle.synchro.net,"Eugene, OR, USA",,"Synchronet"
Wizard's Rainbow,d_rebel,Desired Handle,wizardsrainbow.com,23,,http://wizardsrainbow.com,"Los Angeles, CA, USA",323-436-5249,"Wildcat"
Wizzy BBS,,NEW,wizzybbs.win,,,,"Buffalo, NY, USA",,"Synchronet"
WORD BBS,joebal (blackbeltjones),,wordbbs.hopto.org,64128,,,"Melbourne, VIC, Australia",,"Custom"
Worlds Apart (TWGS),,Enter,tw.worldsapart.net,2002,,,"Santa Clarita, CA, USA",,"TWGS"
Wormhole II BBS,Rick Smith,,wh2bbs.us,2321,,http://wh2bbs.us:8001,"Portland, OR, USA",,"Synchronet"
Wreck Hall,Michael Wilkinson,NEW,bbs.wreckhall.net,23,,http://wreckhall.net,"Ocala, FL, USA",,"Worldgroup"
Wretched Beagle BBS,GranitePenguin,NEW,bbs.wretchedbeagle.com,23,2222,,"Plainfield, IL, USA",,"WWIV"
Wrong Number ][ BBS,Bucko,,wn2.wrgnbr.com,23,,http://www.wrgnbr.com,"Yorktown Heights, NY, USA",,"Mystic"
Wrong Number ][ BBS Retro 1993!!,Bucko,NEW,wn6.wrgnbr.com,6411,,http://www.wrgnbr.com,"Yorktown Heights, NY, USA",,"Image BBS"
Wrong Number ][ V2.0,X-Tec,,cib.dyndns.org,6405,,,"Lakeland, FL, USA",,"Image BBS"
Wrong Number ]I[ BBS,Bucko,NEW,wn3.wrgnbr.com,6400,,http://www.wrgnbr.com,"Yorktown Heights, NY, USA",,"CNet Pro"
Wrong Number IV BBS,Bucko,NEW,wn4.wrgnbr.com,3000,,http://www.wrgnbr.com,"Yorktown Heights, NY, USA",,"Image BBS"
X-Bit BBS,Xbit Ops,NEW,x-bit.org,,22222,http://x-bit.org/info,"Beaverton, OR, USA",,"Synchronet"
X/84 BBS,,new,1984.ws,,,,"London, , England",,"X/84"
X65.zone BBS,,Apply,bbs.x65.zone,8888,,,"London, , England",,"Enigma 1/2"
Xibalba,NuSkooler,new,xibalba.l33t.codes,44510,44511,http://https://xibalba.l33t.codes/,"Salt Lake City, UT, USA",,"Enigma 1/2"
Yak Station BBS,,NEW,bbs.mycrowd.ca,,,,"Montreal, QC, Canada",,"Synchronet"
Zelch BBS,bo-zimmerman,,coffeemud.net,6502,,http://zimmers.net/commie/telb.html,"Round Rock, TX, USA",,"Zelch 128"
ZenBBS,,NEW,zen.kawasu.wtf,,,,"Philadelphia, PA, USA",,"Synchronet"
Zenolab,,Apply,zenolab.synchro.net,23,,,"San Juan, PR, USA",,"Synchronet"
ZeroTwo's BBS,,NEW,bbs.zerotwo.tech,,,,"Richardson, TX, USA",,"Synchronet"
Zeus BBS,,Desired Handle,192.243.111.121,2323,,,"Dallas, TX, USA",,"Mystic"
Zone BBS,,Desired Handle,zonebbs.net,23,,,"Berea, OH, USA",,"Mystic"
Zoombrau,,NEW,zoombrau.hopto.org,9223,,,"Forest Grove, OR, USA",,"Synchronet"
Zooropa BBS,,Real Name,52.4.41.44,2323,,,"Ashburn, VA, USA",,"Mystic"
Zot TWGS,,Desired Handle,tw2002.zot.org,2002,,,"Falkenstein, , Germany",,"TWGS"
Zruspa's BBS,,NEW,bbs.zruspas.org,23,,,"Madrid, , Spain",,"Synchronet"
